Desired,Current
E40_M01,E40_M01
E40_M05,E40_M02
E40_M02,E40_M03
E40_M06,E40_M04
E40_M07,E40_M05
E40_M04,E40_M06
E40_M08,E40_M07
E40_M03,E40_M08
E50_M01,E50_M01
E50_M02,E50_M02
E50_M05,E50_M03
E50_M03,E50_M04
E50_M04,E50_M05
E50_M06,E50_M06
E50_M07,E50_M07
E50_M08,E50_M08
E70_M01,E70_M01
E70_M02,E70_M02
E70_M05,E70_M03
E70_M03,E70_M04
E70_M06,E70_M05
E70_M04,E70_M06
E80_M01,E80_M01
E80_M03,E80_M02
E80_M04,E80_M03
E80_M05,E80_M04
E80_M02,E80_M05
E80_M07,E80_M06
E80_M09,E80_M07
E80_M09,E80_M08
E80_M08,E80_M09
E80_M06,E80_M10
E80_M10,E80_M11
E80_M12,E80_M12
E80_M11,E80_M13
E80_M13,E80_M14
E90_M01,E90_M01
E90_M02,E90_M02
E90_M04,E90_M03
E90_M03,E90_M04
E90_M05,E90_M05
E90_M05,E90_M06
E90_M11,E90_M07
E90_M06,E90_M08
E90_M10,E90_M09
E90_M09,E90_M10
E90_M08,E90_M11
E90_M07,E90_M12
E90_M12,E90_M13
E120_M01,E120_M01
E120_M02,E120_M02
E120_M03,E120_M03
E120_M04,E120_M04
E120_M07,E120_M05
E120_M06,E120_M06
E120_M05,E120_M07
E120_M08,E120_M08
0M_M01,0M_M01
0M_M02,0M_M02
0M_M04,0M_M03
0M_M03,0M_M04
0M_M07,0M_M05
0M_M05,0M_M06
0M_M06,0M_M07
3M_M01,3M_M01
3M_M02,3M_M02
3M_M04,3M_M03
3M_M03,3M_M04
3M_M05,3M_M05
3M_M08,3M_M06
3M_M06,3M_M07
3M_M07,3M_M08
12M_M02,12M_M01
12M_M01,12M_M02
12M_M03,12M_M03
12M_M07,12M_M04
12M_M06,12M_M05
12M_M04,12M_M06
12M_M05,12M_M07
12M_M09,12M_M08
12M_M10,12M_M09
12M_M08,12M_M10
48M_M02,48M_M01
48M_M01,48M_M02
48M_M05,48M_M03
48M_M03,48M_M04
48M_M04,48M_M05
48M_M04,48M_M06
48M_M06,48M_M07
48M_M08,48M_M08
48M_M09,48M_M09
48M_M10,48M_M10
48M_M07,48M_M11
