"","dir1","NCX.HP","NCX.AM","NCX.BG","HP.AM","HP.BG","BG.AM","mean_pw"
"GO:0023052","increasing",0.8,0.5,0.666666666666667,0.6,0.8,0.8,0.694444444444444
"GO:0044700","increasing",0.8,0.5,0.666666666666667,0.6,0.8,0.8,0.694444444444444
"GO:0007154","increasing",0.8,0.5,0.5,0.6,0.6,1,0.666666666666667
"GO:0007268","increasing",0.75,0.714285714285714,0.714285714285714,0.714285714285714,0.5,0.666666666666667,0.676587301587302
"GO:0007267","increasing",1,0.666666666666667,0.5,0.666666666666667,0.5,0.75,0.680555555555556
"GO:0003008","increasing",0.833333333333333,0.714285714285714,0.571428571428571,0.571428571428571,0.666666666666667,0.571428571428571,0.654761904761905
"GO:0007610","increasing",0.714285714285714,0.571428571428571,0.428571428571429,0.833333333333333,0.666666666666667,0.5,0.619047619047619
"GO:0050896","increasing",0.75,0.75,0.75,0.6,1,0.6,0.741666666666667
"GO:0044707","increasing",1,1,1,1,1,1,1
"GO:0050877","increasing",0.875,0.875,0.75,0.75,0.857142857142857,0.625,0.788690476190476
"GO:0006811","increasing",0.857142857142857,0.857142857142857,0.857142857142857,0.714285714285714,1,0.714285714285714,0.833333333333333
"GO:0065008","increasing",0.8,0.6,0.5,0.75,0.6,0.75,0.666666666666667
"GO:0032501","increasing",1,1,1,1,1,1,1
"GO:0048731","increasing",0.666666666666667,0.666666666666667,1,0.333333333333333,0.666666666666667,0.666666666666667,0.666666666666667
"GO:0007399","increasing",0.8,0.8,0.6,1,0.75,0.75,0.783333333333333
"GO:0043269","increasing",0.6,0.666666666666667,0.4,0.666666666666667,0.75,0.5,0.597222222222222
"GO:0007275","increasing",0.333333333333333,0.666666666666667,0.666666666666667,0.5,0.5,0.333333333333333,0.5
"GO:0055085","increasing",1,0.666666666666667,0.666666666666667,0.666666666666667,0.666666666666667,1,0.777777777777778
"GO:0044708","increasing",0.857142857142857,0.714285714285714,0.857142857142857,0.833333333333333,1,0.833333333333333,0.849206349206349
"GO:0048856","increasing",0.666666666666667,0.75,1,0.5,0.666666666666667,0.75,0.722222222222222
"GO:0044763","increasing",1,1,1,1,1,1,1
"GO:0044699","increasing",1,1,1,1,1,1,1
"GO:0007165","increasing",1,0.75,1,0.75,1,0.75,0.875
"GO:0022610","increasing",1,0.8,0.8,0.8,0.8,1,0.866666666666667
"GO:0007155","increasing",1,0.75,1,0.75,1,0.75,0.875
"GO:0044767","increasing",0.666666666666667,0.75,1,0.5,0.666666666666667,0.75,0.722222222222222
"GO:0030001","increasing",0.833333333333333,0.833333333333333,0.666666666666667,1,0.8,0.8,0.822222222222222
"GO:0044765","increasing",0.6,0.75,0.6,0.75,0.6,0.75,0.675
"GO:0032502","increasing",0.666666666666667,0.75,0.75,0.5,0.5,0.6,0.627777777777778
"GO:0014070","increasing",0.666666666666667,0.5,0.666666666666667,0.75,1,0.75,0.722222222222222
"GO:0042221","increasing",1,0.6,1,0.6,1,0.6,0.8
"GO:0051179","increasing",0.6,0.75,0.6,0.75,0.6,0.75,0.675
"GO:0032879","increasing",0.6,0.6,0.5,1,0.75,0.75,0.7
"GO:0051716","increasing",1,0.75,1,0.75,1,0.75,0.875
"GO:0034220","increasing",1,0.666666666666667,0.5,0.666666666666667,0.5,0.75,0.680555555555556
"GO:0006928","increasing",1,0.6,0.8,0.6,0.8,0.8,0.766666666666667
"GO:0007186","increasing",0.5,0.5,0.5,1,1,1,0.75
"GO:0040011","increasing",1,0.6,0.8,0.6,0.8,0.8,0.766666666666667
"GO:0009719","increasing",0.8,0.5,0.8,0.6,1,0.6,0.716666666666667
"GO:0023051","increasing",1,0.6,0.75,0.6,0.75,0.75,0.741666666666667
"GO:0035637","increasing",0.75,0.625,0.75,0.625,0.75,0.857142857142857,0.726190476190476
"GO:0051239","increasing",1,0.333333333333333,1,0.333333333333333,1,0.333333333333333,0.666666666666667
"GO:0007611","increasing",0.857142857142857,0.571428571428571,0.571428571428571,0.666666666666667,0.666666666666667,0.6,0.655555555555556
"GO:0010646","increasing",1,0.6,0.75,0.6,0.75,0.75,0.741666666666667
"GO:0051049","increasing",0.5,0.5,0.4,1,0.75,0.75,0.65
"GO:0016477","increasing",1,0.75,0.6,0.75,0.6,0.8,0.75
"GO:0030154","increasing",0.75,1,0.5,0.75,0.666666666666667,0.5,0.694444444444444
"GO:0050804","increasing",0.75,0.571428571428571,0.714285714285714,0.571428571428571,0.5,0.8,0.651190476190476
"GO:0042391","increasing",0.875,0.625,0.875,0.5,0.75,0.714285714285714,0.723214285714286
"GO:0010033","increasing",1,0.75,1,0.75,1,0.75,0.875
"GO:0050801","increasing",0.625,0.5,0.625,0.571428571428571,0.714285714285714,0.833333333333333,0.64484126984127
"GO:0007166","increasing",0.666666666666667,0.75,1,0.5,0.666666666666667,0.75,0.722222222222222
"GO:0009611","increasing",0.75,1,0.75,0.75,1,0.75,0.833333333333333
"GO:0050890","increasing",0.857142857142857,0.571428571428571,0.714285714285714,0.666666666666667,0.833333333333333,0.8,0.740476190476191
"GO:0034762","increasing",1,0.5,0.6,0.5,0.6,0.4,0.6
"GO:0048870","increasing",1,0.6,0.8,0.6,0.8,0.8,0.766666666666667
"GO:0051674","increasing",1,0.6,0.8,0.6,0.8,0.8,0.766666666666667
"GO:0001508","increasing",0.875,0.75,0.75,0.625,0.625,1,0.770833333333333
"GO:0051234","increasing",0.6,0.75,0.6,0.75,0.6,0.75,0.675
"GO:0034765","increasing",0.4,0.2,0.4,0.5,0.333333333333333,0.5,0.388888888888889
"GO:0048878","increasing",0.5,0.5,0.625,0.666666666666667,0.833333333333333,0.833333333333333,0.659722222222222
"GO:0048869","increasing",0.75,1,1,0.75,0.75,1,0.875
"GO:0006812","increasing",0.857142857142857,0.714285714285714,0.571428571428571,0.833333333333333,0.666666666666667,0.8,0.740476190476191
"GO:0072503","increasing",0.571428571428571,0.375,0.571428571428571,0.666666666666667,1,0.666666666666667,0.641865079365079
"GO:0007417","increasing",0,0.333333333333333,0,0,1,0,0.222222222222222
"GO:0042063","increasing",0.666666666666667,0.833333333333333,0.666666666666667,0.571428571428571,1,0.571428571428571,0.718253968253968
"GO:0006810","increasing",0.6,0.75,0.6,0.75,0.6,0.75,0.675
"GO:0046903","increasing",0.8,0.6,0.333333333333333,0.8,0.5,0.6,0.605555555555556
"GO:0030003","increasing",0.571428571428571,0.571428571428571,0.571428571428571,0.666666666666667,1,0.666666666666667,0.674603174603175
"GO:0065007","increasing",1,1,1,1,1,1,1
"GO:0006875","increasing",0.666666666666667,0.428571428571429,0.666666666666667,0.666666666666667,1,0.666666666666667,0.682539682539683
"GO:0006873","increasing",0.571428571428571,0.571428571428571,0.714285714285714,0.666666666666667,0.833333333333333,0.833333333333333,0.698412698412698
"GO:0040012","increasing",1,0.6,1,0.6,1,0.6,0.8
"GO:1901698","increasing",0.6,0.5,0.666666666666667,0.75,0.6,0.8,0.652777777777778
"GO:0051270","increasing",1,0.6,1,0.6,1,0.6,0.8
"GO:0098660","increasing",1,0.6,0.6,0.6,0.6,0.5,0.65
"GO:0010001","increasing",0.666666666666667,0.833333333333333,0.666666666666667,0.571428571428571,1,0.571428571428571,0.718253968253968
"GO:0032940","increasing",0.6,0.75,0.333333333333333,0.4,0.6,0.4,0.513888888888889
"GO:0098662","increasing",0.8,0.4,0.4,0.5,0.5,0.333333333333333,0.488888888888889
"GO:0030334","increasing",1,0.6,1,0.6,1,0.6,0.8
"GO:0055082","increasing",0.5,0.5,0.5,0.666666666666667,1,0.666666666666667,0.638888888888889
"GO:0009725","increasing",0.8,0.8,0.8,1,1,1,0.9
"GO:0006936","increasing",0.714285714285714,0.428571428571429,0.714285714285714,0.666666666666667,1,0.666666666666667,0.698412698412698
"GO:0055065","increasing",0.571428571428571,0.571428571428571,0.571428571428571,0.666666666666667,1,0.666666666666667,0.674603174603175
"GO:0019932","increasing",0.833333333333333,0.571428571428571,0.666666666666667,0.666666666666667,0.8,0.8,0.723015873015873
"GO:0022008","increasing",0.666666666666667,0.833333333333333,0.833333333333333,0.571428571428571,0.833333333333333,0.714285714285714,0.742063492063492
"GO:0048167","increasing",0.75,0.857142857142857,0.857142857142857,0.625,0.625,0.714285714285714,0.738095238095238
"GO:0050793","increasing",0.666666666666667,1,0.666666666666667,0.666666666666667,1,0.666666666666667,0.777777777777778
"GO:2000145","increasing",1,0.6,1,0.6,1,0.6,0.8
"GO:0010243","increasing",0.4,0.4,0.4,1,1,1,0.7
"GO:0006874","increasing",0.5,0.375,0.571428571428571,0.833333333333333,0.833333333333333,0.666666666666667,0.629960317460317
"GO:0072507","increasing",0.5,0.5,0.5,0.666666666666667,1,0.666666666666667,0.638888888888889
"GO:0055080","increasing",0.571428571428571,0.571428571428571,0.714285714285714,0.666666666666667,0.833333333333333,0.833333333333333,0.698412698412698
"GO:0003012","increasing",0.5,0.428571428571429,0.428571428571429,0.75,0.75,1,0.642857142857143
"GO:0070887","increasing",0.75,1,0.75,0.75,1,0.75,0.833333333333333
"GO:0045595","increasing",0.666666666666667,0.75,0.666666666666667,0.5,0.333333333333333,0.5,0.569444444444444
"GO:0033993","increasing",0.8,0.8,0.8,1,1,1,0.9
"GO:0048468","increasing",0.75,0.75,0.5,1,0.666666666666667,0.666666666666667,0.722222222222222
"GO:0009605","increasing",0,0.333333333333333,0.25,0.5,0.333333333333333,0.666666666666667,0.347222222222222
"GO:0006813","increasing",0.75,0.428571428571429,0.857142857142857,0.428571428571429,0.625,0.5,0.598214285714286
"GO:0007270","increasing",0.714285714285714,0.428571428571429,0.5,0.428571428571429,0.5,0.75,0.553571428571429
"GO:0071310","increasing",0.75,0.75,1,0.6,0.75,0.75,0.766666666666667
"GO:0098655","increasing",0.833333333333333,0.6,0.6,0.5,0.5,0.5,0.588888888888889
"GO:0055074","increasing",0.625,0.5,0.5,0.833333333333333,0.833333333333333,0.666666666666667,0.659722222222222
"GO:0015672","increasing",1,0.5,0.666666666666667,0.5,0.666666666666667,0.75,0.680555555555556
"GO:0009628","increasing",0.333333333333333,0.666666666666667,0.5,0.666666666666667,0.5,0.75,0.569444444444444
"GO:0050878","increasing",0.75,1,0.75,0.75,1,0.75,0.833333333333333
"GO:1901700","increasing",0.666666666666667,1,0.75,0.666666666666667,0.5,0.75,0.722222222222222
"GO:0010647","increasing",0.75,0.75,0.75,0.6,1,0.6,0.741666666666667
"GO:1901701","increasing",0.666666666666667,1,1,0.666666666666667,0.666666666666667,1,0.833333333333333
"GO:0006816","increasing",0.333333333333333,0.333333333333333,0.333333333333333,0.5,0.5,0.5,0.416666666666667
"GO:0051050","increasing",0.5,0.666666666666667,0.666666666666667,0.666666666666667,0.666666666666667,1,0.694444444444444
"GO:0048583","increasing",0.333333333333333,0.333333333333333,0.333333333333333,1,1,1,0.666666666666667
"GO:0030168","increasing",0.833333333333333,0.5,0.714285714285714,0.375,0.571428571428571,0.714285714285714,0.618055555555556
"GO:0019226","increasing",0.857142857142857,0.625,0.714285714285714,0.5,0.571428571428571,0.833333333333333,0.683531746031746
"GO:0009966","increasing",0.666666666666667,1,1,0.666666666666667,0.666666666666667,1,0.833333333333333
"GO:0023056","increasing",0.75,0.75,0.75,0.6,1,0.6,0.741666666666667
"GO:0030335","increasing",0.666666666666667,0.5,1,0.25,0.666666666666667,0.5,0.597222222222222
"GO:0050806","increasing",0.833333333333333,0.666666666666667,0.428571428571429,0.571428571428571,0.375,0.666666666666667,0.590277777777778
"GO:0006836","increasing",0.571428571428571,0.5,0.333333333333333,0.6,0.4,0.666666666666667,0.511904761904762
"GO:0045664","increasing",0.5,0.666666666666667,0.666666666666667,0.5,0.5,0.666666666666667,0.583333333333333
"GO:0010975","increasing",0.5,0.666666666666667,0.666666666666667,0.5,0.5,0.666666666666667,0.583333333333333
"GO:0040017","increasing",0.75,0.6,0.8,0.4,0.6,0.8,0.658333333333333
"GO:2000147","increasing",0.75,0.6,1,0.4,0.75,0.6,0.683333333333333
"GO:0071495","increasing",0.75,0.4,0.75,0.5,1,0.5,0.65
"GO:0030198","increasing",0.25,0.5,0.4,0.4,0.6,0.8,0.491666666666667
"GO:0019228","increasing",0.75,0.625,0.857142857142857,0.444444444444444,0.625,0.714285714285714,0.669312169312169
"GO:0043270","increasing",0.75,0.4,0.4,0.5,0.5,0.5,0.508333333333333
"GO:1900274","increasing",0.833333333333333,0.571428571428571,0.833333333333333,0.714285714285714,0.714285714285714,0.5,0.694444444444444
"GO:0051046","increasing",0.6,0.4,0.333333333333333,0.75,0.6,0.75,0.572222222222222
"GO:1902531","increasing",0.5,0.75,0.75,0.4,0.75,0.6,0.625
"GO:0051960","increasing",0.75,0.5,0.75,0.6,1,0.6,0.7
"GO:0071804","increasing",0.625,0.285714285714286,0.571428571428571,0.333333333333333,0.666666666666667,0.5,0.49702380952381
"GO:0071805","increasing",0.666666666666667,0.4,0.6,0.4,0.6,0.666666666666667,0.555555555555556
"GO:0001944","increasing",0.5,0.75,1,0.666666666666667,0.5,0.75,0.694444444444444
"GO:0043062","increasing",0.2,0.75,0.6,0.4,0.6,0.8,0.558333333333333
"GO:0051480","increasing",0.5,0.375,0.571428571428571,0.833333333333333,0.833333333333333,0.666666666666667,0.629960317460317
"GO:0010518","increasing",1,0.571428571428571,0.833333333333333,0.571428571428571,0.833333333333333,0.5,0.718253968253968
"GO:0048589","increasing",0.25,0.333333333333333,0.666666666666667,0.666666666666667,0.5,0.666666666666667,0.513888888888889
"GO:0070838","increasing",0.5,0.5,0.5,1,1,1,0.75
"GO:0048709","increasing",0.5,1,0.5,0.5,1,0.5,0.666666666666667
"GO:0051272","increasing",0.75,0.6,0.8,0.4,0.6,0.8,0.658333333333333
"GO:0050789","increasing",0.666666666666667,1,1,0.666666666666667,0.666666666666667,1,0.833333333333333
"GO:0042060","increasing",0.75,0.6,1,0.75,0.75,0.6,0.741666666666667
"GO:0071396","increasing",1,0.75,1,0.75,1,0.75,0.875
"GO:0010959","increasing",0.25,0.4,0,0.5,0,0.25,0.233333333333333
"GO:0031344","increasing",0.6,0.5,0.5,0.5,0.5,0.666666666666667,0.544444444444444
"GO:0030182","increasing",0.75,0.4,0.75,0.5,1,0.5,0.65
"GO:0060284","increasing",0.75,0.6,0.5,0.75,0.666666666666667,0.5,0.627777777777778
"GO:0048699","increasing",0.75,0.5,0.5,0.666666666666667,0.666666666666667,1,0.680555555555556
"GO:0072511","increasing",0.5,0.428571428571429,0.5,0.8,1,0.8,0.671428571428571
"GO:0050767","increasing",0.75,0.5,0.75,0.6,1,0.6,0.7
"GO:0008015","increasing",0.666666666666667,0.666666666666667,0.4,1,0.6,0.6,0.655555555555556
"GO:0048771","increasing",0.428571428571429,0.571428571428571,0.833333333333333,0.571428571428571,0.571428571428571,0.714285714285714,0.615079365079365
"GO:0050794","increasing",0.666666666666667,1,1,0.666666666666667,0.666666666666667,1,0.833333333333333
"GO:0051384","increasing",0.8,0.5,0.428571428571429,0.571428571428571,0.5,0.5,0.55
"GO:0003013","increasing",0.666666666666667,0.666666666666667,0.4,1,0.6,0.6,0.655555555555556
"GO:0031960","increasing",0.8,0.5,0.571428571428571,0.571428571428571,0.666666666666667,0.625,0.622420634920635
"GO:0032101","increasing",0,0,0.5,1,0.25,0.25,0.333333333333333
"GO:0050817","increasing",0.4,0.428571428571429,0.5,0.285714285714286,0.6,0.571428571428571,0.464285714285714
"GO:0010517","increasing",1,0.571428571428571,0.833333333333333,0.571428571428571,0.833333333333333,0.5,0.718253968253968
"GO:0031099","increasing",0.6,0.5,0.5,0.571428571428571,0.833333333333333,0.5,0.584126984126984
"GO:0007596","increasing",0.4,0.5,0.5,0.333333333333333,0.6,0.428571428571429,0.46031746031746
"GO:0019725","increasing",0.5,0.5,0.625,0.666666666666667,0.833333333333333,0.833333333333333,0.659722222222222
"GO:0044057","increasing",0.6,0.6,0.333333333333333,1,0.5,0.5,0.588888888888889
"GO:0007600","increasing",0.333333333333333,0.5,0.4,0.6,0.8,0.4,0.505555555555556
"GO:0048545","increasing",0.8,0.666666666666667,0.8,0.8,1,0.8,0.811111111111111
"GO:0001568","increasing",0.666666666666667,1,0.75,0.666666666666667,0.5,0.75,0.722222222222222
"GO:0007272","increasing",0.428571428571429,1,1,0.428571428571429,0.428571428571429,1,0.714285714285714
"GO:0008366","increasing",0.5,1,1,0.5,0.5,1,0.75
"GO:0007599","increasing",0.4,0.428571428571429,0.5,0.285714285714286,0.6,0.571428571428571,0.464285714285714
"GO:0006952","increasing",0.5,0.5,0.5,1,1,1,0.75
"GO:0035556","increasing",1,0.75,0.75,0.75,0.75,0.6,0.766666666666667
"GO:0050900","increasing",0.333333333333333,1,0.75,0.333333333333333,0.25,0.75,0.569444444444444
"GO:0070371","increasing",1,0.75,0.75,0.75,0.75,0.6,0.766666666666667
"GO:0048666","increasing",0.6,0.666666666666667,0.666666666666667,0.6,0.6,0.666666666666667,0.633333333333333
"GO:0060193","increasing",1,0.428571428571429,1,0.428571428571429,1,0.428571428571429,0.714285714285714
"GO:0048584","increasing",0.5,0.333333333333333,0.5,0.666666666666667,1,0.666666666666667,0.611111111111111
"GO:1902533","increasing",0.75,0.5,0.6,0.428571428571429,0.8,0.571428571428571,0.608333333333333
"GO:0001505","increasing",0.285714285714286,0.333333333333333,0.333333333333333,0.25,0.666666666666667,0.333333333333333,0.367063492063492
"GO:0030030","increasing",0.8,0.428571428571429,0.8,0.5,1,0.5,0.671428571428571
"GO:0032870","increasing",0.75,0.5,0.75,0.666666666666667,1,0.666666666666667,0.722222222222222
"GO:0030155","increasing",0.5,0.75,1,0.25,0.5,0.75,0.625
"GO:0014065","increasing",0.6,0.6,0.428571428571429,0.6,0.666666666666667,0.666666666666667,0.593650793650794
"GO:0071407","increasing",0.75,0.4,0.75,0.5,1,0.5,0.65
"GO:0007204","increasing",0.375,0.375,0.428571428571429,1,0.8,0.8,0.629761904761905
"GO:0007612","increasing",0.833333333333333,0.166666666666667,0.333333333333333,0.333333333333333,0.5,0.25,0.402777777777778
"GO:0035249","increasing",0.714285714285714,0.428571428571429,0.666666666666667,0.428571428571429,0.666666666666667,0.6,0.584126984126984
"GO:0051336","increasing",0.75,0.6,0.75,0.5,1,0.5,0.683333333333333
"GO:0035150","increasing",0.75,0.75,0.6,0.6,0.8,0.5,0.666666666666667
"GO:0050880","increasing",0.75,1,0.6,0.75,0.8,0.6,0.75
"GO:0031175","increasing",0.5,0.571428571428571,0.5,0.6,0.5,0.571428571428571,0.54047619047619
"GO:0048168","increasing",0.5,0.666666666666667,0.571428571428571,0.714285714285714,0.625,0.571428571428571,0.608134920634921
"GO:0048514","increasing",1,0.666666666666667,0.666666666666667,0.666666666666667,0.666666666666667,0.5,0.694444444444444
"GO:0072001","increasing",0,0.5,0.25,0.5,0.25,0.5,0.333333333333333
"GO:0003018","increasing",0.75,1,0.6,0.75,0.8,0.6,0.75
"GO:0001775","increasing",1,1,0,1,0,0,0.5
"GO:0048518","increasing",1,0.666666666666667,0.666666666666667,0.666666666666667,0.666666666666667,1,0.777777777777778
"GO:0001655","increasing",0,0.5,0.25,0.5,0.25,0.5,0.333333333333333
"GO:0001822","increasing",0,0.5,0.25,0.5,0.25,0.5,0.333333333333333
"GO:0048708","increasing",0.5,1,0.6,0.5,0.6,0.6,0.633333333333333
"GO:0034103","increasing",0.428571428571429,0.571428571428571,0.833333333333333,0.571428571428571,0.571428571428571,0.714285714285714,0.615079365079365
"GO:0097285","increasing",0.5,0.666666666666667,0.333333333333333,0.333333333333333,0.5,0.666666666666667,0.5
"GO:0007167","increasing",0,0.25,0.333333333333333,0.25,0.333333333333333,0.75,0.319444444444444
"GO:0000165","increasing",1,0.75,0.6,0.75,0.6,0.5,0.7
"GO:0009967","increasing",0.666666666666667,0.75,0.75,0.5,0.5,0.6,0.627777777777778
"GO:0023014","increasing",0.75,0.75,0.6,0.6,0.8,0.5,0.666666666666667
"GO:0048015","increasing",0.75,0.6,0.428571428571429,0.75,0.5,0.666666666666667,0.615873015873016
"GO:0048017","increasing",0.75,0.6,0.428571428571429,0.75,0.5,0.666666666666667,0.615873015873016
"GO:0031589","increasing",0.75,0.8,1,0.6,0.75,0.8,0.783333333333333
"GO:0070372","increasing",1,0.75,0.75,0.75,0.75,0.6,0.766666666666667
"GO:0043408","increasing",1,0.75,0.6,0.75,0.6,0.5,0.7
"GO:0006887","increasing",0.333333333333333,0.25,0.4,0.25,0.75,0.333333333333333,0.386111111111111
"GO:0042552","increasing",0.6,0.8,0.8,0.75,0.75,0.6,0.716666666666667
"GO:0071363","increasing",1,0.5,0.5,0.5,0.5,0.6,0.6
"GO:0043410","increasing",1,0.75,0.75,0.75,0.75,0.6,0.766666666666667
"GO:0010562","increasing",0.75,0.6,0.75,0.5,1,0.5,0.683333333333333
"GO:0045937","increasing",0.75,0.6,0.75,0.5,1,0.5,0.683333333333333
"GO:0019220","increasing",0.75,0.75,0.75,0.6,1,0.6,0.741666666666667
"GO:0023061","increasing",0.6,0.2,0.166666666666667,0.2,0.4,0.666666666666667,0.372222222222222
"GO:0042310","increasing",0.5,0.666666666666667,0.4,0.75,0.8,0.6,0.619444444444444
"GO:0007215","increasing",0.666666666666667,0.5,0.5,0.166666666666667,0.4,0.5,0.455555555555556
"GO:0034109","increasing",0.5,0.5,0.75,1,0.75,0.75,0.708333333333333
"GO:0070848","increasing",0.666666666666667,0.75,0.75,0.5,0.5,0.6,0.627777777777778
"GO:0042127","increasing",0.333333333333333,0.333333333333333,0.666666666666667,1,0.5,0.5,0.555555555555556
"GO:1903034","increasing",0.333333333333333,0.666666666666667,0.666666666666667,0.666666666666667,0.666666666666667,1,0.666666666666667
"GO:0050770","increasing",0.4,0.5,0.4,0.4,0.6,0.4,0.45
"GO:0060359","increasing",0.5,0.833333333333333,0.5,0.666666666666667,1,0.666666666666667,0.694444444444444
"GO:0060326","increasing",0,0.333333333333333,0.5,0.5,0.25,0.5,0.347222222222222
"GO:0006950","increasing",0.333333333333333,0.666666666666667,0.333333333333333,0.666666666666667,1,0.666666666666667,0.611111111111111
"GO:0000904","increasing",0.75,0.75,0.75,1,1,1,0.875
"GO:0090257","increasing",0.5,0.5,0.4,1,0.666666666666667,0.666666666666667,0.622222222222222
"GO:0010769","increasing",0.5,0.666666666666667,0.5,0.4,0.6,0.4,0.511111111111111
"GO:0051174","increasing",0.75,0.75,0.75,0.6,1,0.6,0.741666666666667
"GO:0055078","increasing",0.833333333333333,0.5,0.5,0.6,0.571428571428571,0.5,0.584126984126984
"GO:0051924","increasing",0.4,0.4,0.2,1,0.666666666666667,0.666666666666667,0.555555555555556
"GO:0010817","increasing",0.6,0.25,0.166666666666667,0.25,0.4,0,0.277777777777778
"GO:0090066","increasing",0.6,1,0.75,0.6,0.8,0.75,0.75
"GO:0006954","increasing",0.5,0.333333333333333,0.5,0.666666666666667,1,0.666666666666667,0.611111111111111
"GO:0007626","increasing",0.5,0.5,0.428571428571429,0.428571428571429,0.6,0.6,0.509523809523809
"GO:0030534","increasing",0.571428571428571,0.571428571428571,0.666666666666667,0.714285714285714,0.833333333333333,0.833333333333333,0.698412698412698
"GO:0051259","increasing",0.5,0.6,0.8,0.75,0.333333333333333,0.4,0.563888888888889
"GO:0003014","increasing",0.6,0.4,0.75,0.5,0.8,0.6,0.608333333333333
"GO:0048812","increasing",0.75,0.6,0.6,0.75,0.75,0.6,0.675
"GO:0051240","increasing",1,0.333333333333333,1,0.333333333333333,1,0.333333333333333,0.666666666666667
"GO:0040008","increasing",0.75,0.666666666666667,0.75,0.5,0.6,0.5,0.627777777777778
"GO:0045834","increasing",0.4,0.75,0.6,0.5,0.75,0.75,0.625
"GO:0046889","increasing",0.5,0.75,0.4,0.4,0.75,0.6,0.566666666666667
"GO:0030278","increasing",0.6,0.5,0.428571428571429,0.4,0.6,0.5,0.504761904761905
"GO:0040007","increasing",0.75,0.666666666666667,1,0.5,0.75,0.666666666666667,0.722222222222222
"GO:0060191","increasing",0.8,0.375,1,0.5,0.8,0.375,0.641666666666667
"GO:0042327","increasing",0.75,0.5,0.6,0.428571428571429,0.8,0.571428571428571,0.608333333333333
"GO:0043279","increasing",0.6,0.5,0.333333333333333,0.8,0.6,0.8,0.605555555555556
"GO:0007269","increasing",0.428571428571429,0.2,0.2,0.2,0.2,1,0.371428571428571
"GO:0051899","increasing",0.142857142857143,0.375,0.428571428571429,0.4,0.5,0.8,0.441071428571429
"GO:2000021","increasing",0.428571428571429,0.285714285714286,0.4,0.833333333333333,0.5,0.6,0.507936507936508
"GO:0007169","increasing",0,0,0.25,0.333333333333333,0.333333333333333,0.5,0.236111111111111
"GO:0022604","increasing",0.5,0.666666666666667,0.5,0.4,0.6,0.4,0.511111111111111
"GO:0016337","increasing",0.666666666666667,0.666666666666667,0.666666666666667,1,1,1,0.833333333333333
"GO:0050795","increasing",0.666666666666667,0.5,1,0.666666666666667,0.666666666666667,0.5,0.666666666666667
"GO:0032412","increasing",0.2,0,0,0.666666666666667,0.333333333333333,0.5,0.283333333333333
"GO:0021782","increasing",0.285714285714286,0.8,0.428571428571429,0.428571428571429,0.833333333333333,0.571428571428571,0.557936507936508
"GO:0032409","increasing",0.666666666666667,0.333333333333333,0.6,0.6,0.6,0.5,0.55
"GO:0042592","increasing",0.5,0.666666666666667,0.428571428571429,0.5,0.8,0.666666666666667,0.593650793650794
"GO:0022898","increasing",0.8,0.4,0.5,0.6,0.4,0.666666666666667,0.561111111111111
"GO:0046890","increasing",0.666666666666667,0.666666666666667,0.666666666666667,0.5,1,0.5,0.666666666666667
"GO:0019722","increasing",0.666666666666667,0.5,0.6,0.8,0.6,0.75,0.652777777777778
"GO:0007187","increasing",0.75,0.5,0.5,0.75,0.75,1,0.708333333333333
"GO:0098602","increasing",1,1,1,1,1,1,1
"GO:0050731","increasing",0.5,0.5,0.6,0.5,0.833333333333333,0.571428571428571,0.584126984126984
"GO:0006939","increasing",0.8,0.6,0.6,0.8,0.8,1,0.766666666666667
"GO:0007409","increasing",0.75,0.4,0.6,0.5,0.75,0.4,0.566666666666667
"GO:0071383","increasing",0.6,0.6,0.6,0.6,0.6,0.6,0.6
"GO:0097529","increasing",0,0.25,0.4,0.333333333333333,0.2,0.6,0.297222222222222
"GO:0045940","increasing",0.666666666666667,0.666666666666667,0.5,0.5,0.75,0.75,0.638888888888889
"GO:0051128","increasing",1,1,1,1,1,1,1
"GO:0043085","increasing",0.5,0.5,0.75,0.285714285714286,0.75,0.428571428571429,0.535714285714286
"GO:0006820","increasing",0.5,0.333333333333333,0.333333333333333,0.5,0.5,0.333333333333333,0.416666666666667
"GO:0048667","increasing",0.75,0.4,0.6,0.5,0.75,0.4,0.566666666666667
"GO:0042692","increasing",0,0,0,0.5,0.5,1,0.333333333333333
"GO:0009612","increasing",0.4,0.4,0.4,0.428571428571429,0.666666666666667,0.666666666666667,0.493650793650794
"GO:0031214","increasing",0.666666666666667,0.6,0.5,0.4,0.666666666666667,0.333333333333333,0.527777777777778
"GO:0032989","increasing",0.75,0.75,0.6,1,0.75,0.75,0.766666666666667
"GO:0043491","increasing",0.5,0.5,0.5,0.25,0.25,0.6,0.433333333333333
"GO:0008283","increasing",0.666666666666667,0.666666666666667,0.666666666666667,1,1,1,0.833333333333333
"GO:0007160","increasing",0.666666666666667,0.2,0.666666666666667,0.4,1,0.4,0.555555555555556
"GO:0034433","increasing",0.666666666666667,0.666666666666667,0.5,0.5,0.75,0.75,0.638888888888889
"GO:0034434","increasing",0.666666666666667,0.666666666666667,0.5,0.5,0.75,0.75,0.638888888888889
"GO:0034435","increasing",0.666666666666667,0.666666666666667,0.5,0.5,0.75,0.75,0.638888888888889
"GO:0061061","increasing",0,0,0,0.5,1,0.5,0.333333333333333
"GO:0007200","increasing",1,0.5,0.6,0.5,0.6,0.571428571428571,0.628571428571429
"GO:0006935","increasing",0.2,0.4,0.8,0.666666666666667,0.4,0.6,0.511111111111111
"GO:0042330","increasing",0.2,0.4,0.8,0.666666666666667,0.4,0.6,0.511111111111111
"GO:0019216","increasing",0.666666666666667,0.666666666666667,0.5,0.5,0.75,0.75,0.638888888888889
"GO:0034104","increasing",0.5,0.5,1,0.666666666666667,0.5,0.5,0.611111111111111
"GO:0061564","increasing",0.6,0.6,0.5,0.6,0.8,0.5,0.6
"GO:0065009","increasing",0.666666666666667,1,0.75,0.666666666666667,0.5,0.75,0.722222222222222
"GO:0033002","increasing",1,0.6,0.4,0.6,0.4,0.285714285714286,0.547619047619048
"GO:0001934","increasing",0.4,0.5,0.6,0.428571428571429,0.8,0.571428571428571,0.55
"GO:0030282","increasing",0.5,0.8,0.4,0.4,0.666666666666667,0.333333333333333,0.516666666666667
"GO:0008217","increasing",0.5,0.5,1,1,0.5,0.5,0.666666666666667
"GO:0033555","increasing",0.285714285714286,0.666666666666667,0.6,0.5,0.166666666666667,0.6,0.46984126984127
"GO:0001525","increasing",0.333333333333333,0.333333333333333,0.25,1,0.666666666666667,0.666666666666667,0.541666666666667
"GO:0010543","increasing",1,0.75,0.75,0.75,0.75,0.6,0.766666666666667
"GO:0097305","increasing",1,0.75,1,0.75,1,0.75,0.875
"GO:0051952","increasing",0.333333333333333,0.6,0.333333333333333,0.333333333333333,0.333333333333333,0.333333333333333,0.377777777777778
"GO:0051146","increasing",0.5,0.333333333333333,0.5,0.5,1,0.5,0.555555555555556
"GO:1901699","increasing",0.666666666666667,1,0.666666666666667,0.666666666666667,1,0.666666666666667,0.777777777777778
"GO:0008219","increasing",0.5,0.666666666666667,0.25,0.333333333333333,0.333333333333333,0.5,0.430555555555556
"GO:0030595","increasing",0,0.333333333333333,0.25,0.333333333333333,0.666666666666667,0.666666666666667,0.375
"GO:0015874","increasing",0.5,0.5,0.375,0.666666666666667,0.5,0.5,0.506944444444444
"GO:0048243","increasing",0.5,0.5,0.375,0.666666666666667,0.5,0.5,0.506944444444444
"GO:0035725","increasing",0.833333333333333,0.5,0.333333333333333,0.6,0.4,0.666666666666667,0.555555555555556
"GO:1901214","increasing",0.5,0.75,0.6,0.6,0.8,0.75,0.666666666666667
"GO:0032844","increasing",0.2,0.25,0.2,0.25,0.5,0.25,0.275
"GO:0009894","increasing",0.5,0.5,0,0.333333333333333,0.333333333333333,0.333333333333333,0.333333333333333
"GO:0010941","increasing",0.5,0.666666666666667,0.25,0.333333333333333,0.333333333333333,0.5,0.430555555555556
"GO:0042325","increasing",0.75,0.75,0.6,0.6,0.8,0.5,0.666666666666667
"GO:0050790","increasing",0.666666666666667,0.75,0.75,0.5,0.5,0.6,0.627777777777778
"GO:0016265","increasing",0.333333333333333,0.666666666666667,0.25,0.25,0.666666666666667,0.5,0.444444444444444
"GO:1903053","increasing",0.333333333333333,0.4,0.666666666666667,0.4,0.666666666666667,0.6,0.511111111111111
"GO:0043523","increasing",0.5,0.8,0.6,0.666666666666667,0.8,0.5,0.644444444444444
"GO:0010632","increasing",0.2,0.5,0.75,0.5,0.4,0.75,0.516666666666667
"GO:0010810","increasing",0.5,0.8,0.75,0.4,0.666666666666667,0.6,0.619444444444444
"GO:0000902","increasing",0.75,0.75,0.6,1,0.75,0.75,0.766666666666667
"GO:0043090","increasing",0.166666666666667,0.6,0.6,0.4,0.4,1,0.527777777777778
"GO:0042445","increasing",0,0.333333333333333,0.333333333333333,0.5,0.5,1,0.444444444444444
"GO:0048638","increasing",0.333333333333333,0.5,0.666666666666667,0.5,0.25,0.333333333333333,0.430555555555556
"GO:1900542","increasing",0.75,0.333333333333333,0.6,0.25,0.5,0.2,0.438888888888889
"GO:0007422","increasing",0.333333333333333,0,0.25,0.25,0.4,0.5,0.288888888888889
"GO:0046849","increasing",0.5,0.428571428571429,0.5,0.571428571428571,0.666666666666667,0.833333333333333,0.583333333333333
"GO:0019218","increasing",0.666666666666667,0.666666666666667,0.5,0.5,0.75,0.75,0.638888888888889
"GO:0070482","increasing",0.25,0.25,0.4,1,0.6,0.6,0.516666666666667
"GO:0006140","increasing",0.6,0.333333333333333,0.6,0.2,0.666666666666667,0.2,0.433333333333333
"GO:0015800","increasing",0.2,0.4,0.5,0.4,0.5,0.75,0.458333333333333
"GO:0036293","increasing",0.333333333333333,0.25,0.4,0.666666666666667,0.4,0.6,0.441666666666667
"GO:2000146","increasing",0.5,0.5,0.5,0.5,0.5,0.5,0.5
"GO:0015711","increasing",0.5,0.333333333333333,0.25,0.5,0.333333333333333,0.666666666666667,0.430555555555556
"GO:0008016","increasing",0.2,0.25,0.5,0.666666666666667,0.5,0.25,0.394444444444444
"GO:0044093","increasing",0.5,0.6,0.75,0.333333333333333,0.75,0.5,0.572222222222222
"GO:0048522","increasing",1,0.5,0.666666666666667,0.5,0.666666666666667,0.75,0.680555555555556
"GO:0070527","increasing",0.75,0.75,1,1,0.75,0.75,0.833333333333333
"GO:0007263","increasing",0.2,0.285714285714286,0.4,0.5,0.4,0.428571428571429,0.369047619047619
"GO:0050433","increasing",0.285714285714286,0.6,0.285714285714286,0.571428571428571,0.5,0.571428571428571,0.469047619047619
"GO:0019233","increasing",0.6,0.5,0.4,0.5,0.75,0.666666666666667,0.569444444444444
"GO:0030336","increasing",0.5,0.5,0.5,0.5,0.5,0.5,0.5
"GO:0032835","increasing",0.333333333333333,0.333333333333333,1,0,0.333333333333333,0.333333333333333,0.388888888888889
"GO:1902003","increasing",0.75,0.5,0.666666666666667,0.75,0.5,0.666666666666667,0.638888888888889
"GO:0042220","increasing",0.333333333333333,0.666666666666667,0.166666666666667,0.333333333333333,0.666666666666667,0.166666666666667,0.388888888888889
"GO:0051271","increasing",0.5,0.5,0.5,0.5,0.5,0.5,0.5
"GO:0045785","increasing",0,0.666666666666667,0.25,0.25,0.666666666666667,0.5,0.388888888888889
"GO:0061041","increasing",1,1,0.6,1,0.6,0.6,0.8
"GO:0097306","increasing",1,1,0.75,1,0.75,0.75,0.875
"GO:0015837","increasing",0.333333333333333,0.5,0.333333333333333,0.5,0.333333333333333,0.5,0.416666666666667
"GO:0046427","increasing",0.4,0.333333333333333,0.4,0.571428571428571,1,0.571428571428571,0.546031746031746
"GO:0086010","increasing",0.5,0.25,0.375,0.666666666666667,0.833333333333333,0.8,0.570833333333333
"GO:0048678","increasing",0.4,0.4,0.166666666666667,0.6,0.6,0.333333333333333,0.416666666666667
"GO:0006835","increasing",0.142857142857143,0.5,0.571428571428571,0.4,0.5,0.666666666666667,0.463492063492064
"GO:0010631","increasing",0.5,0.75,1,0.666666666666667,0.5,0.75,0.694444444444444
"GO:0090132","increasing",0.5,0.75,1,0.666666666666667,0.5,0.75,0.694444444444444
"GO:0007631","increasing",0.333333333333333,0.5,0,0.6,0.2,0.333333333333333,0.327777777777778
"GO:0043067","increasing",0.5,0.666666666666667,0.5,0.333333333333333,1,0.333333333333333,0.555555555555556
"GO:1902991","increasing",1,0.666666666666667,0.666666666666667,0.666666666666667,0.666666666666667,1,0.777777777777778
"GO:0055067","increasing",0.6,0.5,0.6,0.6,0.666666666666667,0.6,0.594444444444444
"GO:0070997","increasing",0.5,0.75,0.8,0.6,0.666666666666667,0.6,0.652777777777778
"GO:0015849","increasing",0.25,0.25,0.2,0.333333333333333,0.25,0.666666666666667,0.325
"GO:0046942","increasing",0.25,0.25,0.2,0.333333333333333,0.25,0.666666666666667,0.325
"GO:0090130","increasing",0.75,0.75,1,1,0.75,0.75,0.833333333333333
"GO:0071242","increasing",0.333333333333333,0.666666666666667,0.333333333333333,0.6,1,0.6,0.588888888888889
"GO:0040013","increasing",0.5,0.75,0.5,0.75,0.5,0.75,0.625
"GO:0051345","increasing",0.8,0.5,1,0.666666666666667,0.8,0.5,0.711111111111111
"GO:0010594","increasing",0.333333333333333,0.666666666666667,0.5,0.666666666666667,0.5,0.75,0.569444444444444
"GO:0008285","increasing",0.5,0.333333333333333,0.5,0.5,1,0.5,0.555555555555556
"GO:0071417","increasing",0.2,0.666666666666667,0.25,0.25,0.666666666666667,0.333333333333333,0.394444444444444
"GO:0006937","increasing",0.333333333333333,0.25,0.25,0.25,0.25,1,0.388888888888889
"GO:0060675","increasing",0.333333333333333,1,0.5,0.333333333333333,0.5,0.5,0.527777777777778
"GO:0052652","increasing",0.5,0.5,0.2,0.2,0.5,0.5,0.4
"GO:0006956","increasing",0.333333333333333,0.666666666666667,0.666666666666667,0.666666666666667,0.666666666666667,1,0.666666666666667
"GO:0071705","increasing",0.4,1,0.25,0.4,0.5,0.25,0.466666666666667
"GO:0061448","increasing",1,0.333333333333333,0.5,0.333333333333333,0.5,0.666666666666667,0.555555555555556
"GO:0001667","increasing",0.5,0.75,1,0.666666666666667,0.5,0.75,0.694444444444444
"GO:0009152","increasing",0.333333333333333,0,0,0,0.333333333333333,0,0.111111111111111
"GO:0030500","increasing",0.5,0.333333333333333,0.333333333333333,0.666666666666667,0.666666666666667,0.5,0.5
"GO:0070167","increasing",0.5,0.333333333333333,0.333333333333333,0.666666666666667,0.666666666666667,0.5,0.5
"GO:0006814","increasing",0.714285714285714,0.5,0.5,0.5,0.5,0.5,0.535714285714286
"GO:0001823","increasing",0.333333333333333,0.666666666666667,0.75,0.5,0.25,0.5,0.5
"GO:0001932","increasing",0.5,0.75,0.6,0.4,0.6,0.5,0.558333333333333
"GO:0006629","increasing",0.666666666666667,0.666666666666667,0.666666666666667,0.5,1,0.5,0.666666666666667
"GO:0008284","increasing",1,1,1,1,1,1,1
"GO:0014003","increasing",0.166666666666667,0.666666666666667,0.166666666666667,0.2,1,0.2,0.4
"GO:0051043","increasing",0.5,0.666666666666667,0.666666666666667,0.75,0.75,1,0.722222222222222
"GO:0072376","increasing",0.333333333333333,0.666666666666667,0.333333333333333,0.666666666666667,1,0.666666666666667,0.611111111111111
"GO:0032231","increasing",0.571428571428571,0.428571428571429,0.5,0.375,0.428571428571429,0.5,0.467261904761905
"GO:0009190","increasing",0.5,0.75,0.4,0.4,0.4,0.6,0.508333333333333
"GO:0072522","increasing",0.333333333333333,0.5,0,0.25,0.25,0.333333333333333,0.277777777777778
"GO:0042976","increasing",0.25,0.2,0.2,0.4,0.75,0.6,0.4
"GO:0031103","increasing",0.4,0.4,0.166666666666667,0.6,0.6,0.333333333333333,0.416666666666667
"GO:0051402","increasing",0.333333333333333,1,0.4,0.333333333333333,0.75,0.4,0.536111111111111
"GO:0006865","increasing",0.4,0.6,0.4,0.4,0.5,0.4,0.45
"GO:0007618","increasing",0.75,0.75,0.5,0.5,0.666666666666667,0.666666666666667,0.638888888888889
"GO:0050727","increasing",0,1,0.5,0,0.5,0.5,0.416666666666667
"GO:0042044","increasing",0.4,0.5,0.666666666666667,0.8,0.6,0.75,0.619444444444444
"GO:0046717","increasing",0.166666666666667,0.2,0,0.666666666666667,0.333333333333333,0,0.227777777777778
"GO:0001658","increasing",0.333333333333333,0.333333333333333,0.5,0.333333333333333,0.5,0.5,0.416666666666667
"GO:0032370","increasing",0.8,0.2,0.166666666666667,0.25,0.2,0.5,0.352777777777778
"GO:0034248","increasing",1,0.666666666666667,0.666666666666667,0.666666666666667,0.666666666666667,1,0.777777777777778
"GO:0006164","increasing",0.666666666666667,0.333333333333333,0,0.25,0.25,0.333333333333333,0.305555555555556
"GO:0046850","increasing",0.5,0.285714285714286,0.5,0.428571428571429,0.666666666666667,0.666666666666667,0.507936507936508
"GO:0048858","increasing",0.75,0.4,0.75,0.5,1,0.5,0.65
"GO:0007162","increasing",0.25,0.5,0.5,0,0,1,0.375
"GO:0031102","increasing",0.4,0.333333333333333,0.166666666666667,0.5,0.6,0.285714285714286,0.380952380952381
"GO:2001236","increasing",0.333333333333333,0.666666666666667,0.666666666666667,0.666666666666667,0.666666666666667,1,0.666666666666667
"GO:0046578","increasing",0.5,0.666666666666667,0.75,0.25,0.4,0.5,0.511111111111111
"GO:0001763","increasing",0.5,0.333333333333333,0.333333333333333,0.5,0.5,1,0.527777777777778
"GO:0042981","increasing",0,0.333333333333333,0,0.333333333333333,1,0.333333333333333,0.333333333333333
"GO:0043542","increasing",0.333333333333333,0.666666666666667,0.5,0.666666666666667,0.5,0.75,0.569444444444444
"GO:0070252","increasing",0.666666666666667,0.714285714285714,0.571428571428571,0.428571428571429,0.8,0.571428571428571,0.625396825396825
"GO:0032970","increasing",0.25,0.333333333333333,0.75,0.4,0.5,0.5,0.455555555555556
"GO:0009187","increasing",0.5,0.5,0.4,0.5,0.4,0.4,0.45
"GO:0048588","increasing",0.25,0.25,0.4,0.333333333333333,0.5,0.2,0.322222222222222
"GO:0050678","increasing",0.666666666666667,0.5,0.5,0.75,0.75,0.6,0.627777777777778
"GO:0061138","increasing",1,0.5,0.5,0.5,0.5,1,0.666666666666667
"GO:0072006","increasing",0,1,0.5,0,0,0.5,0.333333333333333
"GO:0072163","increasing",0.333333333333333,0.666666666666667,0.75,0.5,0.25,0.5,0.5
"GO:0072164","increasing",0.333333333333333,0.666666666666667,0.75,0.5,0.25,0.5,0.5
"GO:0050432","increasing",0.285714285714286,0.6,0.25,0.571428571428571,0.625,0.5,0.47202380952381
"GO:0021534","increasing",1,0.5,0.25,0.5,0.25,0.4,0.483333333333333
"GO:0010533","increasing",0.333333333333333,0.25,0.25,0.4,0.75,0.6,0.430555555555556
"GO:0032990","increasing",0.75,0.4,0.75,0.5,1,0.5,0.65
"GO:0043087","increasing",0.75,0.5,0.75,0.4,0.6,0.4,0.566666666666667
"GO:0050848","increasing",0.4,0.428571428571429,0.5,0.285714285714286,0.333333333333333,0.833333333333333,0.463492063492064
"GO:0050954","increasing",0.333333333333333,0.6,0.75,0.666666666666667,0.5,0.8,0.608333333333333
"GO:0051932","increasing",0.571428571428571,0.333333333333333,0.142857142857143,0.571428571428571,0.375,0.6,0.43234126984127
"GO:0098609","increasing",0.4,0.2,0.8,0.5,0.5,0.25,0.441666666666667
"GO:0051056","increasing",0.8,0.5,0.8,0.333333333333333,0.6,0.6,0.605555555555556
"GO:0021675","increasing",0.333333333333333,0.333333333333333,0.333333333333333,0.333333333333333,0.333333333333333,1,0.444444444444444
"GO:0006171","increasing",0.333333333333333,0.666666666666667,0,0.25,0.333333333333333,0.25,0.305555555555556
"GO:0051216","increasing",1,0.333333333333333,0.5,0.333333333333333,0.5,0.666666666666667,0.555555555555556
"GO:0030029","increasing",0.5,0.285714285714286,0.6,0.285714285714286,0.333333333333333,0.571428571428571,0.429365079365079
"GO:0033124","increasing",0.75,0.4,0.75,0.333333333333333,0.6,0.6,0.572222222222222
"GO:0038127","increasing",0,0,0.5,0.666666666666667,0.5,0.4,0.344444444444444
"GO:0010644","increasing",0.5,0.2,0.25,0.5,0.666666666666667,0.666666666666667,0.463888888888889
"GO:0010466","increasing",0.666666666666667,0.666666666666667,0.75,1,0.5,0.5,0.680555555555556
"GO:0050810","increasing",0.666666666666667,1,0.666666666666667,0.666666666666667,1,0.666666666666667,0.777777777777778
"GO:0009260","increasing",0.5,0,0,0,0.5,0,0.166666666666667
"GO:0046390","increasing",0.5,0.5,0,0.333333333333333,0.5,0,0.305555555555556
"GO:0006801","increasing",0.25,0.4,0.5,0.333333333333333,0.75,0.5,0.455555555555556
"GO:0051928","increasing",0.75,0.5,0.4,0.4,0.333333333333333,0.75,0.522222222222222
"GO:0007015","increasing",0.6,0.285714285714286,0.6,0.285714285714286,0.6,0.5,0.478571428571429
"GO:0009118","increasing",0.75,0.333333333333333,0.75,0.25,0.6,0.25,0.488888888888889
"GO:0030811","increasing",0.75,0.333333333333333,0.75,0.25,0.6,0.25,0.488888888888889
"GO:0031346","increasing",1,1,1,1,1,1,1
"GO:0033121","increasing",0.75,0.333333333333333,0.75,0.25,0.6,0.25,0.488888888888889
"GO:0061387","increasing",0.2,0.5,0.333333333333333,0.333333333333333,0.5,0.2,0.344444444444444
"GO:0050680","increasing",0.5,0.4,0.75,0.75,0.75,0.6,0.625
"GO:0001558","increasing",0.2,0.5,0.4,0.333333333333333,0.25,0.25,0.322222222222222
"GO:0006915","increasing",0.5,0.666666666666667,0.5,0.333333333333333,1,0.333333333333333,0.555555555555556
"GO:0050730","increasing",0.6,0.5,0.6,0.571428571428571,1,0.571428571428571,0.64047619047619
"GO:1901652","increasing",0.333333333333333,1,0.5,0.333333333333333,0.5,0.5,0.527777777777778
"GO:0034205","increasing",0.75,0.5,0.666666666666667,0.75,0.5,0.666666666666667,0.638888888888889
"GO:0043149","increasing",0.666666666666667,0.571428571428571,0.5,0.571428571428571,0.5,0.428571428571429,0.53968253968254
"GO:0007173","increasing",0,0,0.25,0.666666666666667,0.5,0.4,0.302777777777778
"GO:0048011","increasing",0.75,0.75,0.4,0.6,0.6,0.6,0.616666666666667
"GO:0001657","increasing",0.5,1,0.5,0.5,0.25,0.5,0.541666666666667
"GO:0008202","increasing",0.5,1,0.75,0.5,0.75,0.75,0.708333333333333
"GO:0012501","increasing",0.5,0.666666666666667,0.5,0.333333333333333,1,0.333333333333333,0.555555555555556
"GO:0009165","increasing",0.333333333333333,0,0,0,0.333333333333333,0,0.111111111111111
"GO:1901293","increasing",0.333333333333333,0,0,0.333333333333333,0.333333333333333,1,0.333333333333333
"GO:0048754","increasing",1,0.5,1,0.5,1,0.5,0.75
"GO:1901342","increasing",0.5,0.5,0.5,1,1,1,0.75
"GO:0014051","increasing",0.333333333333333,0.2,0.166666666666667,0.333333333333333,0.666666666666667,0.5,0.366666666666667
"GO:0033674","increasing",0.4,0.5,0.6,0.428571428571429,0.8,0.571428571428571,0.55
"GO:0043434","increasing",0.5,0.5,0.666666666666667,1,0.333333333333333,0.333333333333333,0.555555555555556
"GO:0051048","increasing",0.333333333333333,0.5,0,0.666666666666667,0.333333333333333,0.5,0.388888888888889
"GO:0048659","increasing",0.8,0.5,0.8,0.666666666666667,0.666666666666667,0.666666666666667,0.683333333333333
"GO:0015844","increasing",0.428571428571429,0.6,0.222222222222222,0.428571428571429,0.444444444444444,0.375,0.416468253968254
"GO:0042886","increasing",0.75,0.75,0.2,0.6,0.4,0.166666666666667,0.477777777777778
"GO:0051017","increasing",0.428571428571429,0.571428571428571,0.5,0.375,0.5,0.428571428571429,0.467261904761905
"GO:0061572","increasing",0.428571428571429,0.571428571428571,0.5,0.375,0.5,0.428571428571429,0.467261904761905
"GO:0038179","increasing",1,0.75,0.4,0.75,0.4,0.6,0.65
"GO:0050905","increasing",0.666666666666667,0.5,0.5,0.75,0.75,0.5,0.611111111111111
"GO:0051966","increasing",0.4,0.4,0.6,1,0.666666666666667,0.666666666666667,0.622222222222222
"GO:0097191","increasing",0.333333333333333,0.333333333333333,0.666666666666667,1,0.25,0.25,0.472222222222222
"GO:0048520","increasing",0.5,0.333333333333333,0.5,0.25,0.333333333333333,0.25,0.361111111111111
"GO:0006509","increasing",0.75,0.5,0.75,0.75,1,0.75,0.75
"GO:0050673","increasing",0.666666666666667,0.5,0,0.75,0.25,0.2,0.394444444444444
"GO:0001936","increasing",0.75,1,0.75,0.75,0.6,0.75,0.766666666666667
"GO:1902930","increasing",1,1,0.666666666666667,1,0.666666666666667,0.666666666666667,0.833333333333333
"GO:0009914","increasing",0.6,0.25,0.166666666666667,0.25,0.4,0.333333333333333,0.333333333333333
"GO:0006704","increasing",0.666666666666667,0.333333333333333,0.5,0.5,0.666666666666667,0.333333333333333,0.5
"GO:0032147","increasing",0.333333333333333,0.25,0.25,0.4,0.75,0.6,0.430555555555556
"GO:0009266","increasing",0.333333333333333,0.5,0.666666666666667,0.5,0.666666666666667,0.333333333333333,0.5
"GO:0051346","increasing",0.666666666666667,0.666666666666667,0.75,1,0.5,0.5,0.680555555555556
"GO:0072577","increasing",0,0.5,0.666666666666667,0.25,0.333333333333333,0.75,0.416666666666667
"GO:0014047","increasing",0.285714285714286,0.4,0.333333333333333,0.142857142857143,0.285714285714286,0.166666666666667,0.269047619047619
"GO:0046058","increasing",0.333333333333333,0.666666666666667,0.5,0.25,0.5,0.75,0.5
"GO:0002062","increasing",0.5,0.333333333333333,0.5,0.5,1,0.5,0.555555555555556
"GO:0016358","increasing",0.333333333333333,0.5,0.4,0.166666666666667,0.25,0.5,0.358333333333333
"GO:0010611","increasing",0.666666666666667,1,0.25,0.666666666666667,0.333333333333333,0.25,0.527777777777778
"GO:0014743","increasing",0.666666666666667,1,0.25,0.666666666666667,0.333333333333333,0.25,0.527777777777778
"GO:0010633","increasing",0.4,0.4,0.5,0.6,0.4,0.4,0.45
"GO:0015833","increasing",0.5,0.5,0,0.5,0.25,0,0.291666666666667
"GO:0086065","increasing",0,0.333333333333333,0.5,0,0,0.333333333333333,0.194444444444444
"GO:2000736","increasing",0.5,0,0.333333333333333,0,0.666666666666667,0.25,0.291666666666667
"GO:0007411","increasing",0,0,0.333333333333333,1,0.5,0.5,0.388888888888889
"GO:0097485","increasing",0.333333333333333,0.333333333333333,0.666666666666667,1,0.5,0.5,0.555555555555556
"GO:0006796","increasing",0.666666666666667,0.666666666666667,0.666666666666667,1,1,1,0.833333333333333
"GO:0006941","increasing",0.166666666666667,0,0.4,0.5,0.6,0.2,0.311111111111111
"GO:0001501","increasing",1,0.333333333333333,0.333333333333333,0.333333333333333,0.333333333333333,0.5,0.472222222222222
"GO:2000377","increasing",0.333333333333333,0.4,0.4,0.4,0.4,0.666666666666667,0.433333333333333
"GO:0051937","increasing",0.285714285714286,0.4,0.25,0.666666666666667,0.625,0.375,0.433730158730159
"GO:0071466","increasing",1,0.75,0.75,0.75,0.75,1,0.833333333333333
"GO:0051047","increasing",0.6,0.4,0.4,0.75,0.4,0.5,0.508333333333333
"GO:0001662","increasing",0.4,0.6,0.4,0.5,0.333333333333333,0.5,0.455555555555556
"GO:0060078","increasing",0.2,0.166666666666667,0.2,0.25,0.333333333333333,0.666666666666667,0.302777777777778
"GO:0001503","increasing",0.4,0.6,0.4,0.4,1,0.4,0.533333333333333
"GO:0010942","increasing",0.333333333333333,0,0.333333333333333,0.5,0.333333333333333,0,0.25
"GO:0043086","increasing",0,0.5,0.5,0,0,1,0.333333333333333
"GO:0003091","increasing",0.2,0.333333333333333,0.333333333333333,0.6,0.6,0.5,0.427777777777778
"GO:0060548","increasing",0.333333333333333,0.666666666666667,0.333333333333333,0.25,0.333333333333333,0.25,0.361111111111111
"GO:0006959","increasing",0.333333333333333,0.666666666666667,0.333333333333333,0.666666666666667,1,0.666666666666667,0.611111111111111
"GO:0002790","increasing",0.6,0.6,0,0.6,0.25,0,0.341666666666667
"GO:0007188","increasing",0,0.333333333333333,0.25,0.333333333333333,0.666666666666667,0.666666666666667,0.375
"GO:0043547","increasing",0.666666666666667,0.25,0.75,0.333333333333333,0.5,0.2,0.45
"GO:0060479","increasing",0.666666666666667,0.5,1,0.25,0.666666666666667,0.5,0.597222222222222
"GO:0060487","increasing",0.666666666666667,0.5,1,0.25,0.666666666666667,0.5,0.597222222222222
"GO:0046541","increasing",0.6,0.4,0,0.75,0,0,0.291666666666667
"GO:0060428","increasing",1,0.25,0.666666666666667,0.25,0.666666666666667,0.5,0.555555555555556
"GO:0016310","increasing",1,0.75,0.75,0.75,0.75,0.6,0.766666666666667
"GO:0006027","increasing",0.4,0.6,0.5,0.8,0.75,0.6,0.608333333333333
"GO:0042531","increasing",0.166666666666667,0.333333333333333,0.333333333333333,0.5,0.5,0.666666666666667,0.416666666666667
"GO:0006793","increasing",0.666666666666667,0.666666666666667,0.666666666666667,1,1,1,0.833333333333333
"GO:0007620","increasing",0.75,0.5,0.5,0.25,0.666666666666667,0.333333333333333,0.5
"GO:0010934","increasing",0.428571428571429,0.833333333333333,0.5,0.285714285714286,0.4,0.333333333333333,0.463492063492064
"GO:0018108","increasing",0.4,0.5,0.6,0.428571428571429,0.8,0.571428571428571,0.55
"GO:0018212","increasing",0.4,0.5,0.6,0.428571428571429,0.8,0.571428571428571,0.55
"GO:0043535","increasing",0.25,0.666666666666667,0.333333333333333,0.5,0.25,0.666666666666667,0.444444444444444
"GO:0090322","increasing",0.333333333333333,0.25,0.25,0.75,0.75,1,0.555555555555556
"GO:0034367","increasing",0.5,0.5,0.4,0.5,0.75,0.75,0.566666666666667
"GO:0034368","increasing",0.5,0.5,0.4,0.5,0.75,0.75,0.566666666666667
"GO:0034369","increasing",0.666666666666667,0.666666666666667,0.5,0.5,0.75,0.75,0.638888888888889
"GO:0042596","increasing",0.4,0.6,0.4,0.5,0.333333333333333,0.5,0.455555555555556
"GO:0050772","increasing",0.666666666666667,0.5,0.666666666666667,0.333333333333333,0.5,0.333333333333333,0.5
"GO:0002028","increasing",0.5,0.333333333333333,0,0.5,0.2,0.25,0.297222222222222
"GO:0060047","increasing",0.125,0.166666666666667,0.166666666666667,0.6,0.6,1,0.443055555555556
"GO:0019748","increasing",0.666666666666667,0.333333333333333,0.25,0.666666666666667,0.2,0.25,0.394444444444444
"GO:0052547","increasing",0.333333333333333,0.333333333333333,0.333333333333333,1,1,1,0.666666666666667
"GO:0003300","increasing",0.666666666666667,1,0.25,0.666666666666667,0.333333333333333,0.25,0.527777777777778
"GO:0014897","increasing",0.333333333333333,1,0.25,0.333333333333333,0.5,0.25,0.444444444444444
"GO:0031529","increasing",0.5,1,0.666666666666667,0.5,0.333333333333333,0.666666666666667,0.611111111111111
"GO:0072239","increasing",0.333333333333333,0.333333333333333,1,0,0.333333333333333,0.333333333333333,0.388888888888889
"GO:0090407","increasing",0.5,0,0,0.5,0.5,1,0.416666666666667
"GO:0010634","increasing",0,0,0,0.5,0.5,1,0.333333333333333
"GO:0046879","increasing",0.6,0.25,0.166666666666667,0.25,0.4,0.333333333333333,0.333333333333333
"GO:0014052","increasing",0.2,0,0,0,0.5,0,0.116666666666667
"GO:0006468","increasing",0.666666666666667,1,0.5,0.666666666666667,0.666666666666667,0.5,0.666666666666667
"GO:0021953","increasing",0.666666666666667,0.333333333333333,0.333333333333333,0.5,0.5,1,0.555555555555556
"GO:0031345","increasing",0,0.333333333333333,0,0.25,0,0,0.0972222222222222
"GO:0050805","increasing",0,0.25,0,0.2,0.666666666666667,0.25,0.227777777777778
"GO:0071436","increasing",0.666666666666667,0.666666666666667,0.5,1,0.666666666666667,0.666666666666667,0.694444444444444
"GO:0003015","increasing",0.2,0.2,0.2,1,1,1,0.6
"GO:0030162","increasing",0.666666666666667,0.666666666666667,0.333333333333333,1,0.5,0.5,0.611111111111111
"GO:0045860","increasing",0.4,0.6,0.4,0.5,0.6,0.5,0.5
"GO:0050818","increasing",0.666666666666667,1,0.75,0.666666666666667,0.5,0.75,0.722222222222222
"GO:0070977","increasing",0.666666666666667,1,0.5,0.666666666666667,0.666666666666667,0.5,0.666666666666667
"GO:2001138","increasing",1,0.333333333333333,0.5,0.333333333333333,0.5,0.5,0.527777777777778
"GO:0046883","increasing",0.6,0.25,0.166666666666667,0.25,0.4,0.333333333333333,0.333333333333333
"GO:0014074","increasing",0.166666666666667,0.666666666666667,0.25,0.2,0.2,0.333333333333333,0.302777777777778
"GO:0010996","increasing",0.333333333333333,0.25,0.25,0.666666666666667,0.25,0.5,0.375
"GO:0055017","increasing",0,1,0,0,0.333333333333333,0,0.222222222222222
"GO:0015812","increasing",0.333333333333333,0.2,0.166666666666667,0.333333333333333,0.666666666666667,0.5,0.366666666666667
"GO:0032228","increasing",0.571428571428571,0.333333333333333,0.142857142857143,0.571428571428571,0.375,0.6,0.43234126984127
"GO:0030048","increasing",0.8,0.571428571428571,0.666666666666667,0.428571428571429,0.8,0.571428571428571,0.63968253968254
"GO:0030104","increasing",0.333333333333333,0.333333333333333,0.333333333333333,1,0.5,0.5,0.5
"GO:0001935","increasing",0.5,0.666666666666667,0.5,0.75,0.6,0.75,0.627777777777778
"GO:0030431","increasing",0.25,1,0,0.25,0.25,0,0.291666666666667
"GO:0010038","increasing",0.333333333333333,0,0.25,0,0,0,0.0972222222222222
"GO:0009410","increasing",1,0.6,0.75,0.6,0.75,0.8,0.75
"GO:0006026","increasing",0.5,0.6,0.5,0.6,1,0.6,0.633333333333333
"GO:0090087","increasing",0.4,0.4,0,0.6,0.2,0,0.266666666666667
"GO:0042506","increasing",0.5,0.5,0.5,0.333333333333333,0.333333333333333,1,0.527777777777778
"GO:0002768","increasing",0.25,0.75,0.5,0.2,0.25,0.4,0.391666666666667
"GO:0061337","increasing",0,0.25,0.75,0,0,0.333333333333333,0.222222222222222
"GO:0030808","increasing",0.5,0.25,0,0.25,0.25,0.333333333333333,0.263888888888889
"GO:0035812","increasing",0.8,0.75,0.6,0.6,0.5,0.75,0.666666666666667
"GO:1900371","increasing",0.666666666666667,0,0,0,0.25,0.5,0.236111111111111
"GO:0071450","increasing",0,0.2,0.2,0.2,0.5,0.333333333333333,0.238888888888889
"GO:0071451","increasing",0,0.2,0.2,0.2,0.5,0.333333333333333,0.238888888888889
"GO:0071347","increasing",0.166666666666667,0.285714285714286,0.4,0.5,0.333333333333333,0.5,0.364285714285714
"GO:0032318","increasing",0.666666666666667,0.333333333333333,0.5,0.5,0.666666666666667,0.333333333333333,0.5
"GO:0000302","increasing",0,0.25,0.333333333333333,0.2,0.666666666666667,0.4,0.308333333333333
"GO:0051247","increasing",0,0.5,0.5,0.5,0.5,1,0.5
"GO:0072593","increasing",0.25,0.4,0.5,0.333333333333333,0.75,0.5,0.455555555555556
"GO:0031401","increasing",0.666666666666667,0.5,0.666666666666667,0.4,1,0.4,0.605555555555556
"GO:0071312","increasing",0.6,0.8,0.2,0.5,0.5,0.166666666666667,0.461111111111111
"GO:0008038","increasing",0.75,0.25,0.5,0.333333333333333,0.666666666666667,0.5,0.5
"GO:0008277","increasing",0.333333333333333,0.333333333333333,0.333333333333333,1,1,1,0.666666666666667
"GO:0035272","increasing",0.5,0,0.5,0,1,0,0.333333333333333
"GO:0016049","increasing",0.25,0.25,0.4,0.333333333333333,0.5,0.2,0.322222222222222
"GO:0070509","increasing",0.333333333333333,0,0,0.333333333333333,0.333333333333333,0.333333333333333,0.222222222222222
"GO:0035265","increasing",0,0.333333333333333,0,0.333333333333333,0.5,0.25,0.236111111111111
"GO:0043405","increasing",0.5,0.5,0.333333333333333,1,0.5,0.5,0.555555555555556
"GO:0098657","increasing",0,0.2,0.5,0,0,0.25,0.158333333333333
"GO:0014896","increasing",0.666666666666667,1,0.25,0.666666666666667,0.333333333333333,0.25,0.527777777777778
"GO:0060688","increasing",0.5,0.333333333333333,0,0.5,0,0.5,0.305555555555556
"GO:0090083","increasing",0.666666666666667,0.666666666666667,0.666666666666667,1,1,1,0.833333333333333
"GO:0006091","increasing",1,0.5,0.5,0.5,0.5,0,0.5
"GO:0019935","increasing",0.5,0.666666666666667,0.666666666666667,0.75,0.75,1,0.722222222222222
"GO:0002548","increasing",0.25,0.333333333333333,0.4,0.4,0.5,0.8,0.447222222222222
"GO:0071822","increasing",1,1,1,1,1,1,1
"GO:0001820","increasing",0.5,0.25,0.25,0,0,0.5,0.25
"GO:0070662","increasing",0.333333333333333,0.666666666666667,0.666666666666667,0.5,0.5,1,0.611111111111111
"GO:0007586","increasing",0.666666666666667,0.166666666666667,0.142857142857143,0.25,0,0,0.204365079365079
"GO:0043534","increasing",0.25,0.666666666666667,0.25,0.5,0.2,0.5,0.394444444444444
"GO:0044092","increasing",0,0.5,0.5,0,0,1,0.333333333333333
"GO:0060401","increasing",0.285714285714286,0.166666666666667,0.166666666666667,0.5,0.5,1,0.436507936507937
"GO:0060402","increasing",0.166666666666667,0,0,0.333333333333333,0,0,0.0833333333333333
"GO:0051347","increasing",0.4,0.5,0.6,0.428571428571429,0.8,0.571428571428571,0.55
"GO:0000303","increasing",0,0.2,0.2,0.2,0.5,0.333333333333333,0.238888888888889
"GO:0080134","increasing",1,1,0.5,1,0.5,0.5,0.75
"GO:0008361","increasing",0.2,0.5,0.333333333333333,0.333333333333333,0.5,0.2,0.344444444444444
"GO:0030516","increasing",0.333333333333333,0.5,1,0.5,0.333333333333333,0.5,0.527777777777778
"GO:0046039","increasing",0.75,0.4,0.75,0.333333333333333,0.6,0.6,0.572222222222222
"GO:0048639","increasing",0,0,0,0.5,0.5,1,0.333333333333333
"GO:0050773","increasing",0.25,0.333333333333333,0.5,0.25,0.5,0.5,0.388888888888889
"GO:1902305","increasing",0.333333333333333,0.5,0,0.333333333333333,0,0.333333333333333,0.25
"GO:0071902","increasing",1,1,1,1,1,1,1
"GO:0042509","increasing",0.2,0.5,0.25,0.6,0.75,0.75,0.508333333333333
"GO:0030193","increasing",0.666666666666667,0.75,0.75,0.5,0.5,0.6,0.627777777777778
"GO:0043549","increasing",0.5,0.5,0.4,0.5,0.75,0.4,0.508333333333333
"GO:0043550","increasing",0.5,0.4,0.75,0.666666666666667,0.25,0.2,0.461111111111111
"GO:1900046","increasing",0.666666666666667,0.75,0.75,0.5,0.5,0.6,0.627777777777778
"GO:0044062","increasing",0.8,0.75,0.6,0.6,0.5,0.75,0.666666666666667
"GO:0000305","increasing",0,0.2,0.2,0.2,0.5,0.333333333333333,0.238888888888889
"GO:0006833","increasing",0.2,0.25,0.333333333333333,0.8,0.6,0.75,0.488888888888889
"GO:0014848","increasing",0.2,0,0,0.333333333333333,0.333333333333333,1,0.311111111111111
"GO:0002792","increasing",0.166666666666667,0,0,0.5,0.6,0.4,0.277777777777778
"GO:0060512","increasing",0.5,0.5,0.333333333333333,0.333333333333333,0.25,0.25,0.361111111111111
"GO:0032270","increasing",1,0.5,0.666666666666667,0.5,0.666666666666667,0.4,0.622222222222222
"GO:0009893","increasing",1,0.5,0.666666666666667,0.5,0.666666666666667,0.75,0.680555555555556
"GO:0071384","increasing",0.75,0.2,0.166666666666667,0.25,0.2,0,0.261111111111111
"GO:0030802","increasing",0.5,0,0,0,0.25,0.5,0.208333333333333
"GO:0002791","increasing",0.6,0.6,0,0.6,0.25,0,0.341666666666667
"GO:0007264","increasing",0.75,0.6,0.666666666666667,0.4,0.5,0.666666666666667,0.597222222222222
"GO:0097090","increasing",0.6,0.5,0.25,0.6,0.166666666666667,0.25,0.394444444444444
"GO:1901068","increasing",0.75,0.4,0.75,0.333333333333333,0.6,0.6,0.572222222222222
"GO:0050866","increasing",0,0.5,0.333333333333333,0,0.5,0.5,0.305555555555556
"GO:0061082","increasing",0.333333333333333,0.333333333333333,0.6,0.5,0.5,0.2,0.411111111111111
"GO:0090287","increasing",0,0,0.5,0.25,0.333333333333333,0.25,0.222222222222222
"GO:0044321","increasing",0.4,0.333333333333333,0.333333333333333,0.4,0.4,1,0.477777777777778
"GO:0030004","increasing",1,0.5,0.6,0.5,0.6,0.6,0.633333333333333
"GO:0060740","increasing",0,1,0,0,0,0,0.166666666666667
"GO:0046425","increasing",0.5,0.333333333333333,0.4,0.428571428571429,0.8,0.571428571428571,0.505555555555556
"GO:0030036","increasing",0.333333333333333,0.25,0.25,0.25,0.25,0.5,0.305555555555556
"GO:0072521","increasing",0.333333333333333,0.5,0.333333333333333,0.5,0,0,0.277777777777778
"GO:0050879","increasing",0.666666666666667,0.666666666666667,0.333333333333333,1,0.5,0.5,0.611111111111111
"GO:0050881","increasing",0.666666666666667,0.666666666666667,0.333333333333333,1,0.5,0.5,0.611111111111111
"GO:0045667","increasing",0.75,0.666666666666667,0.333333333333333,0.5,0.25,0.5,0.5
"GO:0043409","increasing",0,0,0.2,0.333333333333333,0.4,0.166666666666667,0.183333333333333
"GO:0072012","increasing",0.5,0.5,0.333333333333333,0,0.5,0,0.305555555555556
"GO:0006163","increasing",0.25,0.5,0.5,0.333333333333333,0.4,0.25,0.372222222222222
"GO:0031325","increasing",1,0.5,0.666666666666667,0.5,0.666666666666667,0.75,0.680555555555556
"GO:0030072","increasing",0.6,0.4,0,0.4,0.25,0,0.275
"GO:0001764","increasing",0.333333333333333,0.333333333333333,0.333333333333333,0,0,1,0.333333333333333
"GO:0016043","increasing",1,1,1,1,1,1,1
"GO:1901069","increasing",0.75,0.4,0.75,0.333333333333333,0.6,0.6,0.572222222222222
"GO:0048673","increasing",0.5,0.333333333333333,0.2,0.5,0.25,0.5,0.380555555555556
"GO:0031644","increasing",0.5,0.5,0.5,0,1,0,0.416666666666667
"GO:0034698","increasing",0.5,0.75,0.2,0.75,0.5,0.4,0.516666666666667
"GO:0055117","increasing",0,0,0,0.333333333333333,1,0.333333333333333,0.277777777777778
"GO:0035023","increasing",1,1,0.5,1,0.5,0.5,0.75
"GO:1990267","increasing",1,0.5,0,0.5,0,0,0.333333333333333
"GO:0046683","increasing",0.2,0.333333333333333,0,0.5,0.2,0.333333333333333,0.261111111111111
"GO:0051057","increasing",0.75,0.75,0.5,0.5,0.25,0.666666666666667,0.569444444444444
"GO:1900449","increasing",0.2,0.25,0.2,0,0.333333333333333,0,0.163888888888889
"GO:0034110","increasing",0.333333333333333,0.5,0.333333333333333,0,1,0,0.361111111111111
"GO:0006706","increasing",0.75,0.75,0.75,0.6,1,0.6,0.741666666666667
"GO:0045859","increasing",0.5,0.4,0.4,0.4,0.75,0.6,0.508333333333333
"GO:0014909","increasing",1,0.666666666666667,0.5,0.666666666666667,0.5,0.333333333333333,0.611111111111111
"GO:0043069","increasing",0.5,0,0,0,0.333333333333333,0.333333333333333,0.194444444444444
"GO:0033604","increasing",0.25,0.333333333333333,0,0.4,0.2,0.25,0.238888888888889
"GO:0045723","increasing",0.4,0.5,0.4,0.2,0.333333333333333,0.5,0.388888888888889
"GO:0050886","increasing",0.6,0.25,0.2,0.25,0.2,0,0.25
"GO:0051953","increasing",0.142857142857143,0.5,0,0.333333333333333,0.166666666666667,0.25,0.232142857142857
"GO:0008610","increasing",0.5,0,0.5,0.5,1,0.5,0.5
"GO:0045453","increasing",0.5,0.25,0.2,0.5,0.4,0.5,0.391666666666667
"GO:0043933","increasing",1,1,1,1,1,1,1
"GO:0006184","increasing",0.75,0.4,0.75,0.333333333333333,0.6,0.6,0.572222222222222
"GO:0021954","increasing",0.333333333333333,0.333333333333333,0.333333333333333,1,1,1,0.666666666666667
"GO:0010522","increasing",0.166666666666667,0,0,0.333333333333333,0.25,0.5,0.208333333333333
"GO:0090276","increasing",0.6,0.4,0,0.4,0.25,0,0.275
"GO:0038093","increasing",0.166666666666667,0.666666666666667,0.5,0.4,0.2,0.8,0.455555555555556
"GO:1902931","increasing",0.5,0.5,0.5,1,1,1,0.75
"GO:0072079","increasing",0.5,0.5,0.333333333333333,1,0.5,0.5,0.555555555555556
"GO:0043084","increasing",0.333333333333333,0.333333333333333,0.333333333333333,0.333333333333333,1,0.333333333333333,0.444444444444444
"GO:0043066","increasing",1,0,0,0,0,0,0.166666666666667
"GO:1901031","increasing",1,0.333333333333333,0.5,0.333333333333333,0.5,0.666666666666667,0.555555555555556
"GO:0051954","increasing",0.2,0,0,0,0.5,0,0.116666666666667
"GO:0008211","increasing",1,0.5,1,0.5,1,0.5,0.75
"GO:0044236","increasing",0.25,0.333333333333333,0.25,0.5,1,0.5,0.472222222222222
"GO:0032963","increasing",0.25,0.25,0.25,0.333333333333333,1,0.333333333333333,0.402777777777778
"GO:0032535","increasing",0.5,0,0.25,0,0.25,0,0.166666666666667
"GO:0048675","increasing",0.666666666666667,0.333333333333333,0.666666666666667,0.5,0.333333333333333,0.5,0.5
"GO:0060419","increasing",0,1,0,0,0.333333333333333,0,0.222222222222222
"GO:0015698","increasing",0.5,0.666666666666667,0.333333333333333,0.333333333333333,0,0.25,0.347222222222222
"GO:0021545","increasing",0,0,0.333333333333333,0.5,0.333333333333333,0.5,0.277777777777778
"GO:0032368","increasing",0.8,0.2,0.166666666666667,0.25,0.2,0.5,0.352777777777778
"GO:0071900","increasing",1,1,1,1,1,1,1
"GO:0044058","increasing",1,0.5,0.166666666666667,0.5,0.166666666666667,0.5,0.472222222222222
"GO:0048521","increasing",0.5,0.5,0.666666666666667,1,0.333333333333333,0.333333333333333,0.555555555555556
"GO:0006942","increasing",0,0,0,0.25,0.333333333333333,0,0.0972222222222222
"GO:0048241","increasing",0.2,0,0.25,0.25,0.25,0.333333333333333,0.213888888888889
"GO:0048242","increasing",0.2,0,0.25,0.25,0.25,0.333333333333333,0.213888888888889
"GO:0002237","increasing",1,0,0,0,0,0,0.166666666666667
"GO:0042542","increasing",0,0,0,0,0,0,0
"GO:0097061","increasing",0,0.333333333333333,0.5,0.4,0.2,0.25,0.280555555555556
"GO:0030799","increasing",0.666666666666667,0.333333333333333,0,0.25,0.333333333333333,0,0.263888888888889
"GO:0044259","increasing",0.25,0.25,0.25,0.333333333333333,1,0.333333333333333,0.402777777777778
"GO:0015810","increasing",0.666666666666667,0.333333333333333,0.333333333333333,0.666666666666667,0.666666666666667,1,0.611111111111111
"GO:0043649","increasing",0.5,0.2,0.166666666666667,0.333333333333333,0.25,0.25,0.283333333333333
"GO:0060996","increasing",0,0.4,0.333333333333333,0.4,0,0.25,0.230555555555556
"GO:0097479","increasing",0,0,0,0,0,1,0.166666666666667
"GO:0032274","increasing",1,0.333333333333333,0,0.333333333333333,0,0.25,0.319444444444444
"GO:0010563","increasing",0.5,0,0.333333333333333,0,0.25,0.333333333333333,0.236111111111111
"GO:0045936","increasing",0.5,0,0.333333333333333,0,0.25,0.333333333333333,0.236111111111111
"GO:0048009","increasing",0.666666666666667,0.6,0.666666666666667,0.4,0.333333333333333,0.4,0.511111111111111
"GO:0007271","increasing",0.8,0.2,0.166666666666667,0,0.2,0,0.227777777777778
"GO:0050922","increasing",0.5,0.5,0.333333333333333,1,0.5,0.5,0.555555555555556
"GO:0015807","increasing",0,0.5,0.666666666666667,0.2,0.25,0.75,0.394444444444444
"GO:0015980","increasing",1,0.5,0.5,0.5,0.5,0,0.5
"GO:0018904","increasing",0,0.333333333333333,0,0,0,0.25,0.0972222222222222
"GO:0031399","increasing",0,0.5,0.5,0.5,0.5,1,0.5
"GO:0034614","increasing",0.333333333333333,0.666666666666667,0.666666666666667,0.25,0.666666666666667,0.5,0.513888888888889
"GO:0030817","increasing",0.333333333333333,0.333333333333333,0,0,0.333333333333333,0.333333333333333,0.222222222222222
"GO:0030316","increasing",0,0.5,0,0.333333333333333,0.5,0.5,0.305555555555556
"GO:0007044","increasing",0.5,0,0.333333333333333,0.5,0.666666666666667,0.333333333333333,0.388888888888889
"GO:0032320","increasing",0.666666666666667,0.25,0.5,0.333333333333333,0.666666666666667,0.25,0.444444444444444
"GO:0014819","increasing",1,0.5,1,0.5,1,0.5,0.75
"GO:0044252","increasing",0.333333333333333,0.5,0,0.5,0.5,0,0.305555555555556
"GO:0021781","increasing",0,0,0,0.333333333333333,0.5,0.5,0.222222222222222
"GO:0007259","increasing",0.4,0.333333333333333,0.4,0.571428571428571,1,0.571428571428571,0.546031746031746
"GO:0097178","increasing",0.5,0.5,0.666666666666667,0,0.333333333333333,0.333333333333333,0.388888888888889
"GO:0034405","increasing",0,0.2,0.333333333333333,0.4,0.25,0.333333333333333,0.252777777777778
"GO:0002016","increasing",0.25,0.5,0.5,0.4,0.333333333333333,0.25,0.372222222222222
"GO:0021892","increasing",0.666666666666667,0.333333333333333,0.333333333333333,0.5,0.5,1,0.555555555555556
"GO:0051279","increasing",0.2,0,0,0.333333333333333,0.333333333333333,1,0.311111111111111
"GO:0071840","increasing",1,1,1,1,1,1,1
"GO:0007519","increasing",0,0,0,0.5,1,0.5,0.333333333333333
"GO:0015718","increasing",0,0,0,0,1,0,0.166666666666667
"GO:0016042","increasing",0,0,0,0.5,1,0.5,0.333333333333333
"GO:0036314","increasing",0.5,0.666666666666667,0.5,0.75,1,0.75,0.694444444444444
"GO:0032956","increasing",0.25,0.333333333333333,0.75,0.4,0.5,0.5,0.455555555555556
"GO:0022607","increasing",1,1,1,1,1,1,1
"GO:0097530","increasing",0,1,0,0,0.333333333333333,0,0.222222222222222
"GO:0071241","increasing",0.666666666666667,1,0,0.666666666666667,0,0,0.388888888888889
"GO:0071248","increasing",0.5,1,0.25,0.5,0,0.25,0.416666666666667
"GO:0006022","increasing",0,0.5,0,0.5,0.5,0.333333333333333,0.305555555555556
"GO:0030814","increasing",0.333333333333333,0,0,0,0.333333333333333,0.5,0.194444444444444
"GO:0003094","increasing",0.333333333333333,0.333333333333333,1,0.333333333333333,0.333333333333333,0.333333333333333,0.444444444444444
"GO:0006837","increasing",0.666666666666667,0.2,0.166666666666667,0.25,0.2,0.4,0.313888888888889
"GO:0021800","increasing",0.5,0.5,1,0,0.5,0.5,0.5
"GO:0097154","increasing",0.666666666666667,0.333333333333333,0.333333333333333,0.5,0.5,1,0.555555555555556
"GO:1990138","increasing",0.666666666666667,0.333333333333333,0.666666666666667,0.5,0.333333333333333,0.5,0.5
"GO:0098661","increasing",0,0.2,0.25,0,0,0,0.075
"GO:0045761","increasing",0.5,0,0,0,0.333333333333333,0.5,0.222222222222222
"GO:0044070","increasing",0.25,0.25,0.25,0.333333333333333,1,0.333333333333333,0.402777777777778
"GO:0014812","increasing",1,0.666666666666667,0.5,0.666666666666667,0.5,0.333333333333333,0.611111111111111
"GO:0033619","increasing",0.75,0.5,0.75,0.75,1,0.75,0.75
"GO:0070663","increasing",0.5,0.5,0,1,0,0,0.333333333333333
"GO:0070665","increasing",0.5,0.5,0,1,0,0,0.333333333333333
"GO:0031946","increasing",0,0,0,1,1,1,0.5
"GO:0032890","increasing",0,0,0,0,1,0,0.166666666666667
"GO:0009065","increasing",0.5,0.25,0.25,0.5,0.5,1,0.5
"GO:0014855","increasing",0,1,0,0,0.5,0,0.25
"GO:0045103","increasing",0.4,0,0,0.25,0.2,0,0.141666666666667
"GO:0045104","increasing",0.4,0,0,0.25,0.2,0,0.141666666666667
"GO:0045109","increasing",0.4,0,0,0.25,0.2,0,0.141666666666667
"GO:0045927","increasing",0,0,0,0.5,0.5,1,0.333333333333333
"GO:0050769","increasing",0.25,0.666666666666667,0.333333333333333,0.333333333333333,0.5,0.5,0.430555555555556
"GO:0050865","increasing",1,1,0,1,0,0,0.5
"GO:0060538","increasing",0,0,0,0.5,1,0.5,0.333333333333333
"GO:0006809","increasing",0.5,0.2,0,0.25,0,0.25,0.2
"GO:0022600","increasing",0.666666666666667,0.285714285714286,0.285714285714286,0.4,0.166666666666667,0.5,0.384126984126984
"GO:0071453","increasing",0.333333333333333,0.333333333333333,0.333333333333333,1,0,0,0.333333333333333
"GO:0043931","increasing",0.666666666666667,1,0.333333333333333,0.666666666666667,0.5,0.333333333333333,0.583333333333333
"GO:0060048","increasing",0.142857142857143,0.166666666666667,0.2,0.75,0.5,0.666666666666667,0.404365079365079
"GO:0051246","increasing",0,0.333333333333333,0.333333333333333,0.5,0.5,1,0.444444444444444
"GO:0045932","increasing",0.5,0.333333333333333,0.25,0.5,0.333333333333333,0.666666666666667,0.430555555555556
"GO:0072078","increasing",0.5,0.5,0.5,1,1,1,0.75
"GO:0010573","increasing",1,0.333333333333333,0.333333333333333,0.333333333333333,0.333333333333333,0.333333333333333,0.444444444444444
"GO:0030810","increasing",1,0,0,0,0,0.5,0.25
"GO:0046068","increasing",0.5,1,1,0.5,0.5,1,0.75
"GO:1900373","increasing",1,0,0,0,0,0.5,0.25
"GO:0030801","increasing",1,0,0,0,0,0,0.166666666666667
"GO:0071827","increasing",0.666666666666667,0.666666666666667,0.5,0.5,0.75,0.75,0.638888888888889
"GO:0043647","increasing",0,0,0,0,0,0,0
"GO:0032892","increasing",0.25,0.25,0,0.333333333333333,0.5,0,0.222222222222222
"GO:0031279","increasing",0.5,0,0,0,0.333333333333333,0.5,0.222222222222222
"GO:0061351","increasing",0.666666666666667,0.5,0.666666666666667,0.666666666666667,1,0.666666666666667,0.694444444444444
"GO:0090075","increasing",0.25,0.5,0.5,0.333333333333333,0.333333333333333,1,0.486111111111111
"GO:0033700","increasing",1,0.666666666666667,1,0.666666666666667,1,0.666666666666667,0.833333333333333
"GO:0051209","increasing",0,0,0,0.5,0.5,1,0.333333333333333
"GO:0051282","increasing",0,0.142857142857143,0.166666666666667,0.666666666666667,0.333333333333333,0.666666666666667,0.329365079365079
"GO:0051283","increasing",0,0,0,0.5,0.5,1,0.333333333333333
"GO:0051338","increasing",0.5,0.666666666666667,0.4,0.666666666666667,0.75,0.5,0.580555555555555
"GO:0061004","increasing",0.5,0.5,0.5,1,1,1,0.75
"GO:0072048","increasing",1,1,1,1,1,1,1
"GO:0016125","increasing",0.75,1,0.75,0.75,1,0.75,0.833333333333333
"GO:0015850","increasing",0.4,0.5,0.4,0.4,0.333333333333333,0.166666666666667,0.366666666666667
"GO:0061383","increasing",0,1,0.5,0,0.5,0.5,0.416666666666667
"GO:0007260","increasing",0.25,0.5,0.25,0.75,1,0.75,0.583333333333333
"GO:0097006","increasing",0.666666666666667,0.666666666666667,0.5,0.5,0.75,0.75,0.638888888888889
"GO:0046457","increasing",0.666666666666667,0,0,0,0,1,0.277777777777778
"GO:0034333","increasing",0.5,0,0.333333333333333,0.5,0.666666666666667,0.333333333333333,0.388888888888889
"GO:0003009","increasing",1,0.5,0.5,0.5,0.5,0,0.5
"GO:0010712","increasing",0.25,0.5,0,0.25,0.5,0,0.25
"GO:0030318","increasing",0.333333333333333,1,0.5,0.333333333333333,0,0.5,0.444444444444444
"GO:0006536","increasing",0.4,0.2,0.2,0.5,0.5,1,0.466666666666667
"GO:0060038","increasing",0,0.5,0,0,0.5,0,0.166666666666667
"GO:0032319","increasing",1,1,0.5,1,0.5,0.5,0.75
"GO:0032321","increasing",0.5,1,0.5,0.5,0.333333333333333,0.5,0.555555555555556
"GO:0007265","increasing",0.75,0.6,0.8,0.4,0.6,0.5,0.608333333333333
"GO:0051339","increasing",0.5,0,0,0,0.333333333333333,0.5,0.222222222222222
"GO:0051955","increasing",0,0,0,0,1,0,0.166666666666667
"GO:0046323","increasing",0,0,0,0.333333333333333,0.333333333333333,0.333333333333333,0.166666666666667
"GO:0010827","increasing",0.333333333333333,0.25,0.333333333333333,0.666666666666667,0.333333333333333,0.25,0.361111111111111
"GO:0097190","increasing",0,0,1,1,0,0,0.333333333333333
"GO:0060180","increasing",0.5,0.5,0.5,1,1,1,0.75
"GO:0070661","increasing",1,1,0,1,0,0,0.5
"GO:0002718","increasing",0.2,0.4,0.5,0.666666666666667,0.333333333333333,0.25,0.391666666666667
"GO:0032276","increasing",1,0.333333333333333,0,0.333333333333333,0,0.333333333333333,0.333333333333333
"GO:0071825","increasing",0.666666666666667,0.666666666666667,0.5,0.5,0.75,0.75,0.638888888888889
"GO:0032958","increasing",0,0,0,0.5,0,0,0.0833333333333333
"GO:0006692","increasing",0.666666666666667,0,0.25,0,0.333333333333333,0.5,0.291666666666667
"GO:0006693","increasing",0.666666666666667,0,0.25,0,0.333333333333333,0.5,0.291666666666667
"GO:0001754","increasing",0.333333333333333,0.4,0.5,0.4,0.5,0.2,0.388888888888889
"GO:0001894","increasing",1,0.5,0.5,0.5,0.5,1,0.666666666666667
"GO:0090304","decreasing",0.6,0.4,0.4,0.666666666666667,0.666666666666667,1,0.622222222222222
"GO:0034645","decreasing",0.4,0.2,0.2,0.5,0.5,0,0.3
"GO:0006357","decreasing",0.666666666666667,0.25,0.333333333333333,0.333333333333333,0.5,0.5,0.430555555555556
"GO:2001141","decreasing",0.8,0.5,0.5,0.4,0.4,1,0.6
"GO:0009059","decreasing",0.75,0.5,0.5,0.666666666666667,0.666666666666667,1,0.680555555555556
"GO:0006355","decreasing",0.2,0.5,0.25,0.333333333333333,0.5,0.5,0.380555555555556
"GO:0051252","decreasing",0.6,0.5,0.5,0.5,0.5,1,0.6
"GO:0006351","decreasing",0.75,0.666666666666667,0.666666666666667,0.5,0.5,1,0.680555555555556
"GO:0016070","decreasing",0.666666666666667,0.666666666666667,0.666666666666667,1,1,1,0.833333333333333
"GO:0032774","decreasing",0.6,0.5,0.5,0.5,0.5,1,0.6
"GO:2000112","decreasing",0.666666666666667,0.333333333333333,0.333333333333333,0.5,0.5,0,0.388888888888889
"GO:0060255","decreasing",1,0,1,0,1,0,0.5
"GO:0010556","decreasing",0.666666666666667,0.666666666666667,0.333333333333333,1,0.5,0.5,0.611111111111111
"GO:0034654","decreasing",0.333333333333333,0.333333333333333,0.333333333333333,0,1,0,0.333333333333333
"GO:0010468","decreasing",1,0.5,1,0.5,1,0.5,0.75
"GO:0009889","decreasing",0.666666666666667,0.666666666666667,0.333333333333333,1,0.5,0.5,0.611111111111111
"GO:0031326","decreasing",0.333333333333333,0.333333333333333,0.333333333333333,0,1,0,0.333333333333333
"GO:0010467","decreasing",1,0,0.5,0,0.5,0.5,0.416666666666667
"GO:0006366","decreasing",0.5,0.5,0.25,0.333333333333333,0.5,0.5,0.430555555555556
"GO:0044271","decreasing",1,0,1,0,1,0,0.5
"GO:1901362","decreasing",1,0,1,0,1,0,0.5
"GO:0018130","decreasing",0.5,0,0.5,0,1,0,0.333333333333333
"GO:0019438","decreasing",0.333333333333333,0.333333333333333,0.333333333333333,0,1,0,0.333333333333333
"GO:0051171","decreasing",0.666666666666667,0.666666666666667,0.333333333333333,1,0.5,0.5,0.611111111111111
"GO:0051253","decreasing",0.6,0.5,0.5,0.5,0.5,1,0.6
"GO:0051172","decreasing",0.5,0.666666666666667,0.666666666666667,0.666666666666667,0.666666666666667,1,0.694444444444444
"GO:0031328","decreasing",0.5,1,0.5,0.5,1,0.5,0.666666666666667
"GO:0019219","decreasing",0.666666666666667,0.666666666666667,0.333333333333333,1,0.5,0.5,0.611111111111111
"GO:0045934","decreasing",0.5,0.666666666666667,0.666666666666667,0.666666666666667,0.666666666666667,1,0.694444444444444
"GO:0010629","decreasing",0.75,0.666666666666667,0.333333333333333,0.5,0.25,0.5,0.5
"GO:0045892","decreasing",1,0.5,0.25,0.5,0.25,0.5,0.5
"GO:0009891","decreasing",0.666666666666667,0.666666666666667,0.333333333333333,1,0.5,0.5,0.611111111111111
"GO:0045893","decreasing",0.333333333333333,0.666666666666667,0.25,0.5,0.5,0.333333333333333,0.430555555555556
"GO:0010628","decreasing",0.333333333333333,0.5,0.4,0.5,0.75,0.666666666666667,0.525
"GO:0051254","decreasing",0.4,0.5,0.4,0.666666666666667,1,0.666666666666667,0.605555555555556
"GO:1902680","decreasing",0.4,0.5,0.4,0.666666666666667,1,0.666666666666667,0.605555555555556
"GO:00015011","decreasing",0.4,0.2,0.5,0.25,0.25,0.333333333333333,0.322222222222222
"GO:0045935","decreasing",0.666666666666667,0.666666666666667,0.666666666666667,1,1,1,0.833333333333333
"GO:0051173","decreasing",0.666666666666667,0.666666666666667,0.333333333333333,1,0.5,0.5,0.611111111111111
"GO:0010557","decreasing",0.666666666666667,0.666666666666667,0.333333333333333,1,0.5,0.5,0.611111111111111
"GO:1902679","decreasing",0.8,0.4,0.4,0.5,0.5,1,0.6
"GO:0009058","decreasing",0.5,0,0.5,0,1,0,0.333333333333333
"GO:0044770","decreasing",0.571428571428571,0.2,0.8,0.166666666666667,0.666666666666667,0.25,0.442460317460317
"GO:0031327","decreasing",0.5,0.5,0.5,0,1,0,0.416666666666667
"GO:2000113","decreasing",0.666666666666667,0.333333333333333,0.333333333333333,0.5,0.5,0,0.388888888888889
"GO:0009890","decreasing",0.5,0.333333333333333,0.333333333333333,0.333333333333333,0.333333333333333,0,0.305555555555556
"GO:0010605","decreasing",0.5,0.5,0.5,0,1,0,0.416666666666667
"GO:0010558","decreasing",0.4,0.25,0.5,0.333333333333333,0.666666666666667,0.5,0.441666666666667
"GO:0044772","decreasing",0.428571428571429,0.2,0.8,0.2,0.5,0.25,0.396428571428571
"GO:00220081","decreasing",0,0.25,0.333333333333333,0.333333333333333,0.5,0.666666666666667,0.347222222222222
"GO:0006325","decreasing",0.5,0.25,0.4,0.5,0.25,0.333333333333333,0.372222222222222
"GO:0010604","decreasing",1,0.5,1,0.5,1,0.5,0.75
"GO:0065004","decreasing",0.428571428571429,0.166666666666667,0.571428571428571,0.166666666666667,0.833333333333333,0.142857142857143,0.384920634920635
"GO:0000082","decreasing",0.5,0.2,0.8,0.25,0.6,0.25,0.433333333333333
"GO:0009892","decreasing",0.666666666666667,0.333333333333333,0.333333333333333,0.5,0.5,0,0.388888888888889
"GO:0044843","decreasing",0.666666666666667,0.2,0.666666666666667,0.2,0.666666666666667,0.2,0.433333333333333
"GO:0048863","decreasing",0.5,0,0,0,0.333333333333333,0,0.138888888888889
"GO:0006334","decreasing",0.75,0.375,0.625,0.375,0.857142857142857,0.428571428571429,0.568452380952381
"GO:0071824","decreasing",0.571428571428571,0.166666666666667,0.571428571428571,0.142857142857143,1,0.142857142857143,0.432539682539683
"GO:0071103","decreasing",0.333333333333333,0.2,0.666666666666667,0.333333333333333,0.333333333333333,0.2,0.344444444444444
"GO:0045944","decreasing",1,0.5,1,0.5,1,0.5,0.75
"GO:00098931","decreasing",0.5,1,0.5,0.5,1,0.5,0.666666666666667
"GO:0034724","decreasing",0.5,0,0.5,0,0.714285714285714,0,0.285714285714286
"GO:0006323","decreasing",0.5,0.2,0.5,0.25,0.333333333333333,0.25,0.338888888888889
"GO:0034728","decreasing",0.5,0.428571428571429,0.5,0.428571428571429,0.714285714285714,0.428571428571429,0.5
"GO:00613511","decreasing",0.5,0.333333333333333,0.666666666666667,0.333333333333333,0.666666666666667,0.5,0.5
"GO:0031497","decreasing",0.428571428571429,0.4,0.666666666666667,0.4,0.666666666666667,0.4,0.493650793650794
"GO:0044839","decreasing",0.5,0.5,0.4,0.333333333333333,0.25,0.25,0.372222222222222
"GO:0048483","decreasing",0.2,0.4,0.333333333333333,0.5,0.5,0.4,0.388888888888889
"GO:0000086","decreasing",0.25,0.333333333333333,0.5,0.5,0.25,0.333333333333333,0.361111111111111
"GO:0006333","decreasing",0.428571428571429,0.4,0.666666666666667,0.4,0.666666666666667,0.4,0.493650793650794
"GO:0006412","decreasing",0.5,0.333333333333333,0.5,0.5,1,0.5,0.555555555555556
"GO:0048864","decreasing",1,0.4,0.25,0.4,0.25,0.333333333333333,0.438888888888889
"GO:00071551","decreasing",0,0.5,0.5,0,0,1,0.333333333333333
"GO:00100011","decreasing",0.333333333333333,0,0.333333333333333,0,1,0,0.277777777777778
"GO:0016071","decreasing",0.666666666666667,1,0.666666666666667,0.666666666666667,1,0.666666666666667,0.777777777777778
"GO:0043010","decreasing",0.666666666666667,0.285714285714286,0.166666666666667,0.4,0.25,0.333333333333333,0.350396825396825
"GO:0045814","decreasing",0.75,0,0.333333333333333,0,0.25,0,0.222222222222222
"GO:00226101","decreasing",0.333333333333333,0.333333333333333,0.666666666666667,0,0.5,0.5,0.388888888888889
"GO:00301981","decreasing",1,0.666666666666667,0.666666666666667,0.666666666666667,0.666666666666667,1,0.777777777777778
"GO:00430621","decreasing",1,0.666666666666667,0.666666666666667,0.666666666666667,0.666666666666667,1,0.777777777777778
"GO:0008380","decreasing",1,0.666666666666667,1,0.666666666666667,1,0.666666666666667,0.833333333333333
"GO:0001654","decreasing",0.428571428571429,0.285714285714286,0.166666666666667,0.75,0.25,0.333333333333333,0.369047619047619
"GO:0032465","decreasing",0.333333333333333,0.2,0.6,0.5,0.6,0.5,0.455555555555556
"GO:00420631","decreasing",0.2,0,0.25,0,0.666666666666667,0,0.186111111111111
"GO:00442361","decreasing",1,0.666666666666667,0.666666666666667,0.666666666666667,0.666666666666667,1,0.777777777777778
"GO:00442591","decreasing",1,0.666666666666667,0.666666666666667,0.666666666666667,0.666666666666667,1,0.777777777777778
"GO:0044728","decreasing",0.75,0.5,0.5,0.666666666666667,0.666666666666667,0.333333333333333,0.569444444444444
"GO:00614481","decreasing",0.5,0.5,0.5,0,0,1,0.416666666666667
"GO:0014031","decreasing",1,0.4,0.25,0.4,0.25,0.333333333333333,0.438888888888889
"GO:0030900","decreasing",0,0,0,1,0,0,0.166666666666667
"GO:0007423","decreasing",0.4,0.166666666666667,0.2,0.333333333333333,0.5,0.5,0.35
"GO:00329631","decreasing",1,0.666666666666667,0.666666666666667,0.666666666666667,0.666666666666667,1,0.777777777777778
"GO:0007052","decreasing",0.5,0.25,0.4,0.5,0.25,0.333333333333333,0.372222222222222
"GO:0006397","decreasing",0.75,0.666666666666667,0.25,0.5,0.5,0.333333333333333,0.5
"GO:0044243","decreasing",1,0.666666666666667,0.666666666666667,0.666666666666667,0.666666666666667,1,0.777777777777778
"GO:0048762","decreasing",0.75,0.4,0.25,0.5,0.333333333333333,0.333333333333333,0.427777777777778
"GO:0022616","decreasing",0.2,0.333333333333333,0.25,0,0.25,0,0.172222222222222
"GO:0006305","decreasing",1,0.666666666666667,0.666666666666667,0.666666666666667,0.666666666666667,0.333333333333333,0.666666666666667
"GO:0006306","decreasing",0.666666666666667,1,0.5,0.666666666666667,0.333333333333333,0.5,0.611111111111111
"GO:0071559","decreasing",0.5,0.25,1,0.333333333333333,0.5,0.25,0.472222222222222
"GO:0071560","decreasing",0.166666666666667,0.25,0.666666666666667,0.2,0,0.333333333333333,0.269444444444444
"GO:0006396","decreasing",1,1,0,1,0,0,0.5
"GO:0006413","decreasing",0.5,0.333333333333333,0.5,0.5,1,0.5,0.555555555555556
"GO:00986091","decreasing",0,0.2,0.666666666666667,0.333333333333333,0,0.25,0.241666666666667
"GO:0055123","decreasing",0,0,0,0,0.5,0,0.0833333333333333
"GO:0060351","decreasing",0.333333333333333,0.5,0.333333333333333,0.333333333333333,1,0.333333333333333,0.472222222222222
"GO:0034453","decreasing",0.25,0.333333333333333,0.5,0.5,0.25,0.333333333333333,0.361111111111111
"GO:0015931","decreasing",0.5,0.5,0.333333333333333,1,0.5,0.5,0.555555555555556
"GO:0006304","decreasing",0.75,0.5,0.5,0.666666666666667,0.666666666666667,0.333333333333333,0.569444444444444
"GO:00506731","decreasing",0,0.5,0.5,0,0,0.333333333333333,0.222222222222222
"GO:00512161","decreasing",0.25,0.2,0.5,0,0.5,0.333333333333333,0.297222222222222
"GO:0060348","decreasing",0.5,0.333333333333333,0.666666666666667,0,0.25,0.5,0.375
"GO:0048593","decreasing",0.5,0.2,0,0.5,0.333333333333333,0.333333333333333,0.311111111111111
"GO:0006403","decreasing",1,0.5,0.333333333333333,0.5,0.333333333333333,0.5,0.527777777777778
"GO:0014013","decreasing",0.25,0,0.5,0,0.666666666666667,0,0.236111111111111
"GO:0021877","decreasing",0.25,0,0.666666666666667,0.333333333333333,0.333333333333333,0,0.263888888888889
"GO:0035329","decreasing",0.666666666666667,0.333333333333333,0.333333333333333,0.142857142857143,0.333333333333333,0.5,0.384920634920635
"GO:0051291","decreasing",0.833333333333333,0.5,0.571428571428571,0.6,0.666666666666667,0.6,0.628571428571429
"GO:0040029","decreasing",0.666666666666667,0.5,0.5,0.333333333333333,0.333333333333333,0,0.388888888888889
"GO:0006346","decreasing",0.5,0.5,0.333333333333333,0.5,0.333333333333333,0.333333333333333,0.416666666666667
"GO:0014014","decreasing",0.2,0,0.75,0.25,0.4,0.2,0.3
"GO:00508481","decreasing",0.5,0.5,0.5,0.333333333333333,0.333333333333333,1,0.527777777777778
"GO:00487091","decreasing",0,0,0,0,1,0,0.166666666666667
"GO:00156981","decreasing",0.333333333333333,0.666666666666667,0.333333333333333,0.25,0.333333333333333,0.666666666666667,0.430555555555556
"GO:00217821","decreasing",0.25,0,0.5,0.2,0.5,0,0.241666666666667
"GO:0048705","decreasing",0.25,0.666666666666667,0.666666666666667,0,0,1,0.430555555555556
"GO:0050657","decreasing",1,0.5,0.333333333333333,0.5,0.333333333333333,0.5,0.527777777777778
"GO:0050658","decreasing",1,0.5,0.333333333333333,0.5,0.333333333333333,0.5,0.527777777777778
"GO:0051236","decreasing",1,0.5,0.333333333333333,0.5,0.333333333333333,0.5,0.527777777777778
"GO:0048596","decreasing",1,0.333333333333333,0.4,0.333333333333333,0.4,0.666666666666667,0.522222222222222
"GO:0031076","decreasing",1,0.333333333333333,0.4,0.333333333333333,0.4,0.666666666666667,0.522222222222222
"GO:00218921","decreasing",0.333333333333333,0,1,0,0.333333333333333,0,0.277777777777778
"GO:00971541","decreasing",0.333333333333333,0,0.75,0,0.25,0,0.222222222222222
"GO:0006457","decreasing",1,0.5,1,0.5,1,0.5,0.75
"GO:0031109","decreasing",0,0,0,0.5,0.333333333333333,0.5,0.222222222222222
"GO:0031016","decreasing",0,0,1,0,0,0,0.166666666666667
"GO:0032945","decreasing",0.5,0.25,0.666666666666667,0.4,0.75,0.5,0.511111111111111
"GO:0050672","decreasing",0.5,0.5,0.666666666666667,0.25,0.75,0.333333333333333,0.5
"GO:0060350","decreasing",0.666666666666667,0.5,1,0.25,0.666666666666667,0.5,0.597222222222222
"GO:0006302","decreasing",1,0.333333333333333,0.333333333333333,0.333333333333333,0.333333333333333,0,0.388888888888889
"GO:0060563","decreasing",0.333333333333333,0,0.5,0,0.5,0,0.222222222222222
"GO:00708481","decreasing",0,1,1,0,0,1,0.5
"GO:00108101","decreasing",0.5,1,1,0.5,0.5,1,0.75
"GO:0070664","decreasing",0.5,0.25,0.666666666666667,0.4,0.75,0.5,0.511111111111111
"GO:0048048","decreasing",1,0.333333333333333,0.4,0.333333333333333,0.4,0.666666666666667,0.522222222222222
"GO:0000375","decreasing",1,0.333333333333333,1,0.333333333333333,1,0.333333333333333,0.666666666666667
"GO:0000377","decreasing",1,0.333333333333333,0.666666666666667,0.333333333333333,0.666666666666667,0.5,0.583333333333333
"GO:0000398","decreasing",1,0.333333333333333,0.333333333333333,0.333333333333333,0.333333333333333,0,0.388888888888889
"GO:00315891","decreasing",0.5,1,1,0.5,0.5,1,0.75
"GO:0010212","decreasing",0.333333333333333,0.5,0.5,0.5,0.5,1,0.555555555555556
"GO:1902850","decreasing",0.5,0.25,0.4,0.5,0.25,0.333333333333333,0.372222222222222
"GO:0006401","decreasing",0.5,1,0.5,0.5,0.333333333333333,0.5,0.555555555555556
"GO:0048706","decreasing",0.25,0.5,0.333333333333333,0.333333333333333,0.666666666666667,0.5,0.430555555555556
"GO:0042476","decreasing",0,0.5,0.5,0,0,1,0.333333333333333
"GO:0034101","decreasing",1,0.5,1,0.5,1,0.5,0.75
"GO:0048592","decreasing",0.5,0.2,0,0.5,0.333333333333333,0.333333333333333,0.311111111111111
"GO:0072089","decreasing",1,1,1,1,1,1,1
"GO:0051225","decreasing",0.5,0.5,0.4,0.333333333333333,0.25,0.666666666666667,0.441666666666667
"GO:00709771","decreasing",0.25,0.666666666666667,0.333333333333333,0.333333333333333,0.5,0.5,0.430555555555556
"GO:0043589","decreasing",0.5,1,0.5,0.5,0,0.5,0.5
"GO:0009125","decreasing",1,1,0.5,1,0.5,0.5,0.75
"GO:0009128","decreasing",1,1,0.5,1,0.5,0.5,0.75
"GO:0009158","decreasing",1,1,0.5,1,0.5,0.5,0.75
"GO:0009169","decreasing",1,1,1,1,1,1,1
"GO:0045787","decreasing",0.1428571,0.3333333,0,0.2,0.2,0,0.1460317
"GO:0007492","decreasing",0.5,0.5,0.3333333,1,0.5,0.5,0.5555556
"GO:0050768","decreasing",0,0,0.3333333,0.5,0.5,0.3333333,0.2777778
"GO:00986611","decreasing",0.25,0.6666667,0.3333333,0.5,0.6666667,0.6666667,0.5138889
"GO:1900151","decreasing",1,0.5,0.5,0.5,0.5,1,0.6666667
"GO:0003279","decreasing",0.1428571,0.3333333,0.3333333,0.2,0.5,0.5,0.3349206
"GO:0007405","decreasing",0.5,1,1,0.5,0.5,1,0.75
"GO:0032964","decreasing",0.5,0.5,0.5,1,1,1,0.75
"GO:0071478","decreasing",0.5,1,1,0.5,0.5,1,0.75
"GO:0000245","decreasing",0.5,0.5,1,1,0.5,0.5,0.6666667
"GO:0044786","decreasing",0.75,0.25,0.5,0,0.6666667,0,0.3611111
"GO:0031440","decreasing",1,0.5,0.5,0.5,0.5,1,0.6666667
"GO:00480091","decreasing",0.1666667,0.4,0.3333333,0.5,0.75,0.4,0.425
"GO:0003231","decreasing",0.8,0.6666667,0.6,0.5,0.75,0.6,0.6527778
"GO:0060349","decreasing",0.6666667,0.5,1,0.25,0.6666667,0.5,0.5972222
"GO:0060836","decreasing",0.5,0.5,1,0.3333333,0.5,0.5,0.5555556
"GO:0000956","decreasing",0.5,0.3333333,0.5,0.6666667,0.3333333,0.6666667,0.5
"GO:00456671","decreasing",0.25,0.25,0,0,0.5,0,0.1666667
"GO:0061014","decreasing",1,0.5,0.5,0.5,0.5,1,0.6666667
"GO:0009314","decreasing",1,1,1,1,1,1,1
"GO:0071897","decreasing",0.2,0.25,0.5,0.6666667,0.2,0.25,0.3444444
"GO:0034330","decreasing",0,1,1,0,0,1,0.5
"GO:0035107","decreasing",0.8333333,0.8,0.6,0.6666667,0.5,0.75,0.6916667
"GO:0035108","decreasing",0.8333333,0.8,0.6,0.6666667,0.5,0.75,0.6916667
"GO:0001837","decreasing",1,0.5,0,0.5,0,0,0.3333333
"GO:0003007","decreasing",0.4,0.25,0.6666667,0.2,0.5,0.3333333,0.3916667
"GO:0017145","decreasing",1,1,1,1,1,1,1
"GO:0048736","decreasing",0.8,0.4,0.75,0.3333333,0.6,0.5,0.5638889
"GO:0060173","decreasing",0.6666667,0.8,0.6,0.5,0.6,0.75,0.6527778
"GO:0048568","decreasing",0,0,0,0.25,0.3333333,0.5,0.1805556
"GO:0048665","decreasing",0.5,0,0,0.5,0.5,1,0.4166667
"GO:0006474","decreasing",0.4,0.6,0.25,0.1666667,0,0.25,0.2777778
"GO:0006402","decreasing",0.5,0.5,0.5,0.3333333,0.3333333,1,0.5277778
"GO:0034332","decreasing",0,0,0.5,0,0.3333333,0,0.1388889
"GO:0021697","decreasing",0,0,0,0.3333333,0.5,0.5,0.2222222
"GO:0071229","decreasing",1,0,0,0,0,1,0.3333333
"GO:00706611","decreasing",0,0,0,0,0.5,0,0.08333333
"GO:00020621","decreasing",0.3333333,0.3333333,0.3333333,0,1,0,0.3333333
"GO:0002069","decreasing",0.3333333,0.3333333,0.5,0.3333333,0.5,0.5,0.4166667
"GO:0006612","decreasing",0.5,0,0,0,0.5,0,0.1666667
"GO:0090150","decreasing",0.5,0.3333333,0.5,0.5,1,0.5,0.5555556
"GO:0031123","decreasing",1,0.6666667,0.3333333,0.6666667,0.3333333,0.6666667,0.6111111
